Accession,Names,Date,Doc #,State,Meridian,Twp ­ Rng,Aliquots,Sec. #,Count
OK0990__.083,"ABRAHAM, ALONZO G",6/3/1903,2354,OK,Indian,020N ­ 001W,Lot/Trct 3,34,Noble
"",,,,,,020N ­ 001W,Lot/Trct 4,34,Noble
OK1540__.047,"ADAMS, GEORGE W",5/12/1905,2440,OK,Indian,010N ­ 003E,S1⁄2NE1⁄4,29,Pottawatomie
OK1880__.284,"ADKINS, LENA M",5/15/1907,2609,OK,Indian,015N ­ 025W,NW1⁄4,10,Roger Mills
OK1530__.190,"ALBIN, BURTON W",4/5/1905,2432,OK,Indian,013N ­ 003E,E1⁄2NW1⁄4,11,Lincoln
34790,"ALKIRE, CHARLES",12/14/1908,2853,OK,Indian,019N ­ 026W,NE1⁄4,27,Ellis
MV­0704­085,"ALLENBAUGH, ELMER E",12/26/1907,2699,OK,Indian,017N ­ 023W,E1⁄2SE1⁄4,24,Ellis
"",,,,,,017N ­ 022W,Lot/Trct 4,19,Ellis
"",,,,,,017N ­ 022W,Lot/Trct 1,30,Ellis
118103,"ALLISON, AMANDA",3/14/1910,03206,OK,Indian,014N ­ 019W,SW1⁄4NE1⁄4,5,Custer
OK1880__.176,"AMES, ALFRED B",4/16/1907,2585,OK,Indian,016N ­ 026W,NE1⁄4,24,Roger Mills
97410,"ANDERSON, FLOYD L",12/20/1909,02822,OK,Indian,017N ­ 022W,Lot/Trct 4,30,Ellis
"",,,,,,017N ­ 022W,SE1⁄4NW1⁄4,30,Ellis
"",,,,,,017N ­ 022W,E1⁄2SW1⁄4,30,Ellis
MV­0735­477,"ANDERSON, JAMES E",2/17/1908,2759,OK,Indian,015N ­ 023W,SW1⁄4,13,Roger Mills
MV­0624­303,"ANDERSON, JAMES R",8/2/1907,2653,OK,Indian,014N ­ 024W,NE1⁄4,19,Roger Mills
131012,"ANDERSON, THOMAS M",5/19/1910,03293,OK,Indian,015N ­ 023W,E1⁄2SW1⁄4,24,Roger Mills
"",,,,,,015N ­ 023W,NW1⁄4SW1⁄4,24,Roger Mills
"",,,,,,015N ­ 023W,NE1⁄4NW1⁄4,25,Roger Mills
OK1400__.397,"ANDREWS, WILLIAM C",11/13/1905,2459,OK,Indian,008N ­ 004E,N1⁄2SE1⁄4,23,Pottawatomie
MV­0678­101,"APPLEGATE, THOMAS D",10/30/1907,2680,OK,Indian,015N ­ 023W,NW1⁄4,11,Roger Mills
OK1530__.188,"ARMOR, CHARLES",4/5/1905,2430,OK,Indian,017N ­ 001E,Lot/Trct 7,13,"Logan, Payne"
OK1880__.177,"ARMSTRONG, DAVID M",4/16/1907,2584,OK,Indian,019N ­ 025W,NE1⁄4NE1⁄4,8,Ellis
"",,,,,,019N ­ 025W,NW1⁄4NW1⁄4,9,Ellis
22613,"ARNOLD, ARTHUR",10/15/1908,2828,OK,Indian,017N ­ 014W,SW1⁄4NE1⁄4,19,Dewey
OK1230__.111,"ARNOLD, WILLIAM O",12/31/1903,2364,OK,Indian,015N ­ 003E,E1⁄2NW1⁄4,26,Lincoln
54486,"ASHER, JAMES R",4/1/1909,0232,OK,Indian,016N ­ 026W,S1⁄2NW1⁄4,27,Roger Mills
"",,,,,,016N ­ 026W,N1⁄2SW1⁄4,27,Roger Mills
1187,"ASHLEY, CLIFFORD L",7/6/1908,2806,OK,Indian,017N ­ 026W,SW1⁄4NE1⁄4,23,Ellis
"",,,,,,017N ­ 026W,N1⁄2NE1⁄4,23,Ellis
"",,,,,,017N ­ 026W,SE1⁄4SE1⁄4,14,Ellis
7166,"ATHERTON, WILLIAM R",8/10/1908,2698,OK,Indian,016N ­ 023W,SE1⁄4NW1⁄4,12,Ellis
"",,,,,,016N ­ 023W,NE1⁄4SW1⁄4,12,Ellis
OK0860__.458,"ATKINS, CLATE H",5/2/1903,2340,OK,Indian,014N ­ 004E,Lot/Trct 7,30,Lincoln
"",,,,,,014N ­ 004E,Lot/Trct 8,30,Lincoln
"",,,,,,014N ­ 004E,E1⁄2NE1⁄4,30,Lincoln
OK1770__.364,"AURAND, CHARLES B",6/30/1906,2525,OK,Indian,017N ­ 026W,SE1⁄4,8,Ellis
MV­0677­113,"AURAND, MAGGIE",10/26/1907,2672,OK,Indian,017N ­ 026W,NE1⁄4,17,Ellis
OK1770__.358,"AUSTIN, HARRY C",6/30/1906,2519,OK,Indian,019N ­ 006E,N1⁄2NE1⁄4,32,Payne
OK1790__.366,"AUSTIN, JOHN",10/29/1906,2411,OK,Indian,009N ­ 004E,NE1⁄4SE1⁄4,12,Pottawatomie
MV­0624­309,"AYERS, CLARENCE",8/2/1907,2659,OK,Indian,007N ­ 001E,NE1⁄4NE1⁄4,13,Cleveland
70526,"BAKER, RESSIE",7/6/1909,0672,OK,Indian,015N ­ 026W,N1⁄2SW1⁄4,21,Roger Mills
"",,,,,,015N ­ 026W,W1⁄2SE1⁄4,21,Roger Mills
MV­0678­113,"BAKER, WILLIAM",10/30/1907,2692,OK,Indian,014N ­ 025W,Lot/Trct 3,19,Roger Mills
"",,,,,,014N ­ 025W,Lot/Trct 4,19,Roger Mills
"",,,,,,014N ­ 025W,E1⁄2SW1⁄4,19,Roger Mills
107997,"BALDWIN, CORA L,RILEY, CORA L",1/28/1910,0715,OK,Indian,019N ­ 021W,SE1⁄4,3,Ellis
OK1770__.334,"BALLARD, ELVA L,SEAWORD, ELVA L",6/30/1906,2491,OK,Indian,015N ­ 015W,NW1⁄4,15,Custer
OK1770__.433,"BALLARD, ELVA L,SEAWARD, ELVA L",6/30/1906,2491,OK,Indian,015N ­ 015W,NW1⁄4,15,Custer
OK1880__.279,"BARKING, FRANK A",5/15/1907,2604,OK,Indian,018N ­ 019W,E1⁄2NW1⁄4,30,Dewey
OK1770__.359,"BARNARD, ELJIE",6/30/1906,2520,OK,Indian,015N ­ 025W,NE1⁄4,9,Roger Mills
114129,"BARTON, LEWIS L",2/28/1910,03105,OK,Indian,017N ­ 025W,NW1⁄4,21,Roger Mills
MV­0704­084,"BASHAW, GEORGE L",12/26/1907,2697,OK,Indian,014N ­ 021W,S1⁄2NW1⁄4,20,Roger Mills
"",,,,,,014N ­ 021W,N1⁄2SW1⁄4,20,Roger Mills
131007,"BAXTER, ROBERT",5/19/1910,03053,OK,Indian,016N ­ 025W,SE1⁄4,31,Roger Mills
OK1170__.149,"BAYLES, WILLIE",9/24/1903,2375,OK,Indian,016N ­ 001E,SE1⁄4,24,Logan
OK1400__.395,"BAZZEL, JACOB J",11/13/1905,2455,OK,Indian,020N ­ 009E,S1⁄2NW1⁄4,8,Pawnee
OK1400__.437,"BAZZEL, JACOB J",11/13/1905,2455,OK,Indian,020N ­ 009E,S1⁄2NW1⁄4,8,Pawnee
OK1880__.301,"BEAMAN, MYER",5/15/1907,2628,OK,Indian,015N ­ 026W,N1⁄2NE1⁄4,8,Roger Mills
"",,,,,,015N ­ 026W,SE1⁄4NE1⁄4,8,Roger Mills
OK1260__.484,"BEATTY, JAMES",6/8/1904,2383,OK,Indian,021N ­ 002W,NE1⁄4,7,Noble
OK1310__.484,"BEATTY, JAMES",6/8/1904,2383,OK,Indian,021N ­ 002W,NE1⁄4,7,Noble
MV­0678­103,"BEAUCHAMP, MATTIE",10/30/1907,2682,OK,Indian,015N ­ 021W,SE1⁄4SW1⁄4,5,
124026,"BELL, JOHN W",4/7/1910,02679,OK,Indian,016N ­ 024W,Lot/Trct 2,18,Roger Mills
"",,,,,,016N ­ 024W,Lot/Trct 3,18,Roger Mills
"",,,,,,016N ­ 024W,Lot/Trct 4,18,Roger Mills
OK0860__.346,"BELLEW, JAMES",4/14/1903,2305,OK,Indian,018N ­ 002W,SW1⁄4,9,Logan
MV­0735­491,"BELLOMY, TOWNLEY H",2/17/1908,2774,OK,Indian,014N ­ 022W,E1⁄2NE1⁄4,27,Roger Mills
"",,,,,,014N ­ 022W,W1⁄2NW1⁄4,26,Roger Mills
97403,"BELTZ, HENRY A",12/20/1909,02573,OK,Indian,019N ­ 023W,NE1⁄4,13,Ellis
54488,"BELWOOD, CLAUDE H",4/1/1909,0293,OK,Indian,019N ­ 023W,NW1⁄4,23,Ellis
70527,"BELWOOD, NATHAN M",7/6/1909,0716,OK,Indian,016N ­ 023W,SE1⁄4,23,"Ellis, Roger Mills"
97393,"BENBACK, SAMUEL L",12/20/1909,0836,OK,Indian,019N ­ 020W,S1⁄2NE1⁄4,31,Dewey
"",,,,,,019N ­ 020W,NE1⁄4NE1⁄4,31,Dewey
"",,,,,,019N ­ 020W,SE1⁄4NW1⁄4,31,Dewey
70521,"BERRY, ARTHUR",7/6/1909,0601,OK,Indian,017N ­ 016W,SE1⁄4NE1⁄4,7,Dewey
104227,"BERRY, WILLIAM H",1/17/1910,03298,OK,Indian,018N ­ 025W,SW1⁄4NW1⁄4,34,Roger Mills
"",,,,,,018N ­ 025W,W1⁄2SW1⁄4,34,Roger Mills
"",,,,,,018N ­ 025W,SE1⁄4SW1⁄4,34,Roger Mills
OK1690__.396,"BETTS, FRANK P",3/28/1906,2476,OK,Indian,024N ­ 007W,NW1⁄4,8,Garfield
OK1770__.347,"BEYRLE, CELIA",6/30/1906,2505,OK,Indian,015N ­ 017W,NE1⁄4SE1⁄4,29,Custer
MV­0704­098,"BIGELOW, LENA W",12/26/1907,2717,OK,Indian,018N ­ 026W,E1⁄2NE1⁄4,21,Ellis
"",,,,,,018N ­ 026W,W1⁄2NW1⁄4,22,Ellis
OK0610__.254,"BINGE, ERNST",7/3/1902,1095,OK,Indian,014N ­ 004E,Lot/Trct 1,6,Lincoln
"",,,,,,014N ­ 004E,Lot/Trct 2,6,Lincoln
"",,,,,,014N ­ 004E,S1⁄2NE1⁄4,6,Lincoln
147855,"BISBY, ARLOW",8/4/1910,03458,OK,Indian,018N ­ 022W,S1⁄2SE1⁄4,27,Ellis
"",,,,,,018N ­ 022W,E1⁄2SW1⁄4,27,Ellis
70513,"BITTICK, JOHN D",7/6/1909,0547,OK,Indian,017N ­ 024W,SW1⁄4,14,Ellis
OK1510__.011,"BIZZLE, ANDERSON L",3/14/1905,2416,OK,Indian,007N ­ 003E,S1⁄2NW1⁄4,15,Pottawatomie
MV­0704­093,"BLACK, JESSIE H",12/26/1907,2711,OK,Indian,014N ­ 023W,S1⁄2SE1⁄4,18,Roger Mills
"",,,,,,014N ­ 023W,W1⁄2NE1⁄4,19,Roger Mills
MV­0735­476,"BLACK, MAUD M",2/17/1908,2758,OK,Indian,015N ­ 022W,Lot/Trct 3,30,Roger Mills
"",,015N ­ 022W,Lot/Trct 4,30,Roger Mills,,,,
"",,015N ­ 023W,E1⁄2SE1⁄4,25,Roger Mills,,,,
OK,Indian,018N ­ 020W,N1⁄2SW1⁄4,13,Dewey,,,,
"",,,,,,018N ­ 020W,SE1⁄4SW1⁄4,13,Dewey
136082,"BLAND, WILLIAM H",6/13/1910,02987,OK,Indian,018N ­ 026W,SE1⁄4NE1⁄4,3,Ellis
MV­0750­291,"BLUNDELL, JAMES B",3/23/1908,2780,OK,Indian,014N ­ 026W,Lot/Trct 2,31,Roger Mills
"",,,,,,014N ­ 026W,Lot/Trct 3,31,Roger Mills
"",,,,,,014N ­ 026W,Lot/Trct 4,31,Roger Mills
OK1770__.382,"BLUNDELL, JAMES M",6/30/1906,2545,OK,Indian,017N ­ 025W,N1⁄2SE1⁄4,2,Roger Mills
"",,,,,,017N ­ 025W,E1⁄2SW1⁄4,2,Roger Mills
7165,"BLY, BENJAMIN",8/10/1908,632,OK,Indian,015N ­ 001W,NW1⁄4,35,Logan
1191,"BOCK, CHRISTOPHER D",7/6/1908,2811,OK,Indian,019N ­ 021W,S1⁄2NE1⁄4,26,Ellis
MV­0678­104,"BOOKER, JOHN H",10/30/1907,2683,OK,Indian,018N ­ 022W,S1⁄2SW1⁄4,11,Ellis
"",,,,,,018N ­ 022W,N1⁄2NW1⁄4,14,Ellis
OK1770__.348,"BOOTS, DANIEL D",6/30/1906,2506,OK,Indian,014N ­ 023W,S1⁄2NW1⁄4,20,Roger Mills
131018,"BOST, EDWARD E",5/19/1910,03375,OK,Indian,019N ­ 022W,S1⁄2NW1⁄4,25,Ellis
"",,,,,,019N ­ 022W,N1⁄2SW1⁄4,25,Ellis
107998,"BOWLES, CLAUDE W",1/28/1910,02026,OK,Indian,019N ­ 026W,Lot/Trct 1,1,Ellis
"",,,,,,019N ­ 026W,Lot/Trct 2,1,Ellis
"",,,,,,019N ­ 026W,S1⁄2NE1⁄4,1,Ellis
OK1880__.167,"BOWMAN, HENRY",4/16/1907,2570,OK,Indian,012N ­ 002E,E1⁄2NW1⁄4,24,Lincoln
97406,"BOWSER, ROSS G",12/20/1909,02716,OK,Indian,017N ­ 018W,E1⁄2NW1⁄4,30,Dewey
131005,"BOWSER, TROY",5/19/1910,02986,OK,Indian,018N ­ 018W,N1⁄2NW1⁄4,23,Dewey
OK0610__.324,"BRACKMAN, CHARLES W",9/2/1902,2303,OK,Indian,015N ­ 002E,SW1⁄4SE1⁄4,9,Lincoln
OK1880__.165,"BRADLEY, CHARLES E",4/16/1907,2597,OK,Indian,015N ­ 024W,NE1⁄4,13,Roger Mills
OK1880__.290,"BRADLEY, EDDIE G",5/15/1907,2617,OK,Indian,010N ­ 001W,W1⁄2SW1⁄4,24,Cleveland
OK0610__.321,"BREAUX, ARMOGEN",9/2/1902,2290,OK,Indian,017N ­ 001E,S1⁄2SW1⁄4,21,"Logan, Payne"
124030,"BREWER, JOHN H",4/7/1910,03380,OK,Indian,017N ­ 025W,E1⁄2SE1⁄4,35,Roger Mills
"",,,,,,017N ­ 025W,SE1⁄4NE1⁄4,35,Roger Mills
51078,"BREWSTER, RANSON E",3/11/1909,068,OK,Indian,017N ­ 024W,Lot/Trct 4,1,Ellis
"",,,,,,017N ­ 024W,SW1⁄4NW1⁄4,1,Ellis
"",,,,,,017N ­ 024W,W1⁄2SW1⁄4,1,Ellis
127847,"BRIGGS, JOHN R",5/5/1910,02248,OK,Indian,015N ­ 024W,NW1⁄4,29,Roger Mills
MV­0733­094,"BRIGGS, ROBERT W",2/17/1908,2736,OK,Indian,015N ­ 025W,E1⁄2SE1⁄4,24,Roger Mills
"",,,,,,015N ­ 025W,NE1⁄4NE1⁄4,25,Roger Mills
"",,,,,,015N ­ 024W,Lot/Trct 1,30,Roger Mills
OK1880__.296,"BRIGGS, THOMAS HUBBARD",5/15/1907,2623,OK,Indian,015N ­ 024W,Lot/Trct 6,6,Roger Mills
"",,,,,,015N ­ 024W,Lot/Trct 7,6,Roger Mills
"",,,,,,015N ­ 024W,NW1⁄4SE1⁄4,6,Roger Mills
"",,,,,,015N ­ 024W,NE1⁄4SW1⁄4,6,Roger Mills
MV­0735­478,"BRIGGS, WILLIAM H",2/17/1908,2760,OK,Indian,015N ­ 024W,NE1⁄4,30,Roger Mills
MV­0770­404,"BRIGHT, WILLIAM J",5/11/1908,2800,OK,Indian,019N ­ 005E,NW1⁄4SE1⁄4,27,Payne
87437,"BROADBENT, OLONZO",11/4/1909,01046,OK,Indian,014N ­ 020W,NW1⁄4SW1⁄4,3,Custer
"",,,,,,014N ­ 020W,SW1⁄4NW1⁄4,3,Custer
OK0860__.457,"BROADHURST, JOHN W",5/2/1903,2337,OK,Indian,025N ­ 002W,Lot/Trct 6,8,Kay
"",,,,,,025N ­ 002W,Lot/Trct 7,8,Kay
"",,,,,,025N ­ 002W,Lot/Trct 8,8,Kay
"",,,,,,025N ­ 002W,SE1⁄4SE1⁄4,8,Kay
28008,"BROOKER, HARVEY",11/9/1908,2845,OK,Indian,017N ­ 024W,E1⁄2SW1⁄4,4,Ellis
"",,,,,,017N ­ 024W,W1⁄2SE1⁄4,4,Ellis
OK1880__.046,"BROWN, CARRIE D,BRATTEN, CARRIE D",3/29/1907,2463,OK,Indian,021N ­ 008E,SE1⁄4SE1⁄4,27,Pawnee
54491,"BROWN, CHARLES W",4/1/1909,0351,OK,Indian,018N ­ 024W,NW1⁄4SE1⁄4,6,Ellis
OK,Indian,017N ­ 021W,E1⁄2NW1⁄4,20,Roger Mills,,,,
"",,,,,,017N ­ 021W,E1⁄2SW1⁄4,20,Roger Mills
70514,"BROWN, ROBERT E",7/6/1909,0559,OK,Indian,017N ­ 023W,E1⁄2SE1⁄4,33,Ellis
"",,,,,,017N ­ 023W,SW1⁄4SE1⁄4,33,Ellis
"",,,,,,017N ­ 023W,SE1⁄4SW1⁄4,33,Ellis
70519,"BROWN, ROLF O",7/6/1909,0595,OK,Indian,019N ­ 025W,SW1⁄4NE1⁄4,29,Ellis
51076,"BROWN, SARAH E",3/11/1909,031,OK,Indian,018N ­ 022W,Lot/Trct 4,19,Ellis
"",,,,,,018N ­ 022W,SE1⁄4SW1⁄4,19,Ellis
"",,,,,,018N ­ 022W,SW1⁄4SE1⁄4,19,Ellis
"",,,,,,018N ­ 022W,NW1⁄4NE1⁄4,30,Ellis
147843,"BROWN, STEPHEN R",8/4/1910,0790,OK,Indian,019N ­ 020W,N1⁄2NE1⁄4,10,Dewey
OK1530__.177,"BROYLES, WILLIAM V",4/5/1905,2436,OK,Indian,013N ­ 006E,N1⁄2SE1⁄4,26,Lincoln
OK1200__.032,"BRUCE, HARRIET A",11/11/1903,2376,OK,Indian,017N ­ 004E,NE1⁄4,35,Lincoln
OK1400__.403,"BRUNKEN, RIEKE",11/13/1905,2467,OK,Indian,023N ­ 004W,E1⁄2SE1⁄4,35,Garfield
OK1510__.014,"BUCK, EUGENE",3/14/1905,2419,OK,Indian,014N ­ 004E,NE1⁄4SE1⁄4,26,Lincoln
OK1170__.259,"BUCK, WILLIAM",11/2/1903,2371,OK,Indian,014N ­ 004E,S1⁄2SE1⁄4,26,Lincoln
"",,,,,,014N ­ 004E,NW1⁄4SE1⁄4,26,Lincoln
27996,"BUCKLEY, WILL G",11/9/1908,2832,OK,Indian,018N ­ 026W,SE1⁄4NW1⁄4,11,Ellis
"",,,,,,018N ­ 026W,SW1⁄4NE1⁄4,11,Ellis
"",,,,,,018N ­ 026W,N1⁄2SE1⁄4,11,Ellis
MV­0750­296,"BUCKNER, EDWARD P",3/23/1908,2788,OK,Indian,016N ­ 026W,W1⁄2SW1⁄4,29,Roger Mills
"",,,,,,016N ­ 026W,E1⁄2SE1⁄4,30,
MV­0678­110,"BUCKNER, JOSEPH H",10/30/1907,2689,OK,Indian,016N ­ 026W,S1⁄2NW1⁄4,20,Roger Mills
"",,,,,,016N ­ 026W,W1⁄2SW1⁄4,20,Roger Mills
OK0610__.322,"BUFFINGTON, FRANK P",9/2/1902,2291,OK,Indian,017N ­ 001E,E1⁄2NW1⁄4,20,Logan
MV­0750­288,"BULL, PLEASANT J",3/23/1908,2777,OK,Indian,017N ­ 024W,SW1⁄4NW1⁄4,31,"Ellis, Roger Mills"
"",,,,,,017N ­ 024W,NW1⁄4SW1⁄4,31,"Ellis, Roger Mills"
"",,,,,,017N ­ 024W,Lot/Trct 3,31,"Ellis, Roger Mills"
"",,,,,,017N ­ 024W,Lot/Trct 4,31,"Ellis, Roger Mills"
MV­0735­488,"BULLARD, THOMAS A",2/17/1908,2771,OK,Indian,010N ­ 025W,SE1⁄4NW1⁄4,1,Beckham
46301,"BULLARD, THOMAS A",2/11/1909,2771,OK,Indian,016N ­ 025W,SE1⁄4NW1⁄4,1,Roger Mills
OK0540__.470,"BURKHEAD, SAMUEL M",1/25/1902,2275,OK,Indian,015N ­ 006E,SW1⁄4,3,Lincoln
147851,"BURKHOLDER, WALTER",8/4/1910,03286,OK,Indian,014N ­ 019W,SE1⁄4NW1⁄4,14,Custer
OK0810__.197,"BURNS, ROBERT E",1/14/1903,2317,OK,Indian,020N ­ 002E,Lot/Trct 3,35,Payne
"",,,,,,020N ­ 002E,Lot/Trct 4,35,Payne
OK0810__.297,"BURNS, ROBERT E",1/14/1903,2317,OK,Indian,020N ­ 002E,Lot/Trct 3,35,Payne
"",,,,,,020N ­ 002E,Lot/Trct 4,35,Payne
OK1690__.059,"BURROW, WILLIAM L",12/30/1905,2470,OK,Indian,009N ­ 005E,Lot/Trct 1,33,Pottawatomie
"",,,,,,009N ­ 005E,Lot/Trct 2,33,Pottawatomie
"",,,,,,009N ­ 005E,Lot/Trct 3,33,Pottawatomie
"",,,,,,009N ­ 005E,Lot/Trct 4,33,Pottawatomie
OK0810__.199,"BUSHNELL, HOWARD A",1/14/1903,2320,OK,Indian,021N ­ 008E,Lot/Trct 5,10,"Osage, Pawnee"
"",,,,,,021N ­ 008E,Lot/Trct 1,15,"Osage, Pawnee"
"",,,,,,021N ­ 008E,Lot/Trct 2,15,"Osage, Pawnee"
70520,"BUTLER, THOMAS A",7/6/1909,0596,OK,Indian,019N ­ 025W,SW1⁄4,25,Ellis
MV­0706­075,"BUZZARD, MAGGIE",1/6/1908,2716,OK,Indian,011N ­ 002E,NW1⁄4SE1⁄4,35,Pottawatomie
"",,,,,,011N ­ 002E,NE1⁄4SW1⁄4,35,Pottawatomie
MV­0733­100,"CABANISS, GEORGE F",2/17/1908,2742,OK,Indian,016N ­ 023W,S1⁄2SE1⁄4,29,Roger Mills
"",,,,,,016N ­ 023W,S1⁄2SW1⁄4,29,Roger Mills
OK1200__.034,"CANADAY, ALBERT C",11/11/1903,2378,OK,Indian,021N ­ 003E,SW1⁄4,14,Noble
OK,Indian,010N ­ 006W,Lot/Trct 5,14,"Canadian, Grady",,,,
"",,,,,,010N ­ 006W,Lot/Trct 6,14,"Canadian, Grad"
"",,,,,,010N ­ 006W,Lot/Trct 7,14,"Canadian, Grad"
34791,"CARLSON, CLYDE",12/14/1908,2854,OK,Indian,017N ­ 021W,NE1⁄4NE1⁄4,31,Roger Mills
"",,,,,,017N ­ 021W,N1⁄2NW1⁄4,32,Roger Mills
"",,,,,,017N ­ 021W,NW1⁄4NE1⁄4,32,Roger Mills
28002,"CARROLL, EDWARD D",11/9/1908,2839,OK,Indian,017N ­ 026W,Lot/Trct 1,29,Ellis
"",,,,,,017N ­ 026W,Lot/Trct 2,29,Ellis
"",,,,,,017N ­ 026W,Lot/Trct 3,29,Ellis
"",,,,,,017N ­ 026W,Lot/Trct 4,29,Ellis
MV­0624­306,"CARROLL, GABRIEL M",8/2/1907,2656,OK,Indian,018N ­ 004E,Lot/Trct 7,31,Payne
OK1400__.421,"CARSON, WILLIAM S",11/17/1905,2468,OK,Indian,007N ­ 004E,NW1⁄4,23,Pottawatomie
147846,"CARTER, MARTHA",8/4/1910,02662,OK,Indian,019N ­ 024W,SW1⁄4NE1⁄4,33,Ellis
97415,"CARTER, ROLLIE V",12/20/1909,02943,OK,Indian,016N ­ 011W,SE1⁄4,12,Blaine
131001,"CARTMILL, JOHN E",5/19/1910,02659,OK,Indian,019N ­ 021W,SE1⁄4,26,Ellis
MV­0677­105,"CARTWRIGHT, JOHN W",10/26/1907,2664,OK,Indian,006N ­ 001E,SE1⁄4NE1⁄4,4,Cleveland
1188,"CECIL, JOHN G",7/6/1908,2807,OK,Indian,016N ­ 026W,SW1⁄4SW1⁄4,12,Roger Mills
54489,"CHANCE, ELMER C",4/1/1909,0319,OK,Indian,017N ­ 015W,SE1⁄4NW1⁄4,32,Dewey
"",,,,,,017N ­ 015W,NE1⁄4SW1⁄4,32,Dewey
MV­0678­102,"CHAPMAN, VIRGIL H",10/30/1907,2681,OK,Indian,011N ­ 006E,SE1⁄4NE1⁄4,14,Pottawatomie
OK1880__.158,"CHRISTMAS, JAMES A",4/16/1907,2568,OK,Indian,017N ­ 024W,W1⁄2SE1⁄4,20,Ellis
"",,,,,,017N ­ 024W,W1⁄2NE1⁄4,29,Ellis
OK0540__.434,"CHRISTY, JAMES L",12/12/1901,2276,OK,Indian,016N ­ 001E,N1⁄2NW1⁄4,35,Logan
OK1720__.348,"CLANCY, BRIDGET C",5/1/1906,2484,OK,Indian,021N ­ 002E,SW1⁄4,24,Noble
OK1880__.278,"CLARK, ROBERT P",5/15/1907,2603,OK,Indian,016N ­ 025W,W1⁄2NW1⁄4,21,Roger Mills
OK0860__.471,"CLARKE, ROBERT E",5/2/1903,2356,OK,Indian,017N ­ 001E,N1⁄2NE1⁄4,32,Logan
10758,"CLAY, MARY C",9/1/1908,2819,OK,Indian,015N ­ 026W,SE1⁄4,13,Roger Mills
MV­0677­119,"CLAYTON, ISAAC J",10/26/1907,2677,OK,Indian,025N ­ 005W,Lot/Trct 7,9,Grant
51956,"CLAYTON, MARY M",3/15/1909,0243,OK,Indian,016N ­ 017W,Lot/Trct 1,18,Dewey
"",,,,,,016N ­ 017W,Lot/Trct 2,18,Dewey
"",,,,,,016N ­ 017W,E1⁄2NW1⁄4,18,Dewey
OK0860__.465,"CLICK, JOHN N",5/2/1903,2350,OK,Indian,026N ­ 001W,SE1⁄4,4,Kay
OK1400__.392,"CLIFFORD, FLORA B",11/13/1905,2452,OK,Indian,027N ­ 001E,SE1⁄4,23,Kay
OK1770__.349,"CLINE, JOSEPH H",6/30/1906,2507,OK,Indian,016N ­ 015W,SW1⁄4NE1⁄4,35,Dewey
OK1170__.241,"COBB, LOUIS M",11/2/1903,2343,OK,Indian,024N ­ 001W,SE1⁄4,28,Noble
106374,"COCHRAN, LEROY",1/24/1910,0823,OK,Indian,019N ­ 026W,SE1⁄4SE1⁄4,14,Ellis
OK1880__.157,"COCKRUM, GEORGE R",4/16/1907,2566,OK,Indian,017N ­ 025W,SW1⁄4,1,Roger Mills
70511,"COCKRUM, JOE T",7/6/1909,0484,OK,Indian,027N ­ 008W,Lot/Trct 6,6,Grant
"",,,,,,027N ­ 008W,Lot/Trct 7,6,Grant
"",,,,,,027N ­ 008W,E1⁄2SW1⁄4,6,Grant
OK1880__.146,"COKELY, JOEL",4/16/1907,2554,OK,Indian,019N ­ 015W,SW1⁄4NE1⁄4,31,Dewey
97395,"COLEMAN, CHARLES W",12/20/1909,01639,OK,Indian,018N ­ 025W,SW1⁄4SE1⁄4,29,Ellis
"",,,,,,018N ­ 025W,NW1⁄4NE1⁄4,32,"Ellis, Roger Mills"
OK0810__.206,"COLEMAN, GEORGIA",1/14/1903,2327,OK,Indian,028N ­ 003E,S1⁄2NE1⁄4,35,Kay
131011,"COLLINS, JOHN R",5/19/1910,03185,OK,Indian,019N ­ 025W,NE1⁄4SE1⁄4,11,Ellis
97400,"COLLINS, KATE C,KEELER, KATE C",12/20/1909,02458,OK,Indian,018N ­ 006E,N1⁄2NW1⁄4,17,Payne
"",,,,,,018N ­ 006E,Lot/Trct 2,18,Payne
MV­0750­292,"COLLINS, MARTHA T",3/23/1908,2781,OK,Indian,016N ­ 021W,SW1⁄4NE1⁄4,9,Roger Mills
"",,016N ­ 021W,SE1⁄4NW1⁄4,9,Roger Mills,,,,
"",,016N ­ 021W,W1⁄2NW1⁄4,9,Roger Mills,,,,
OK,Indian,014N ­ 005E,N1⁄2NE1⁄4,28,Lincoln,,,,
"",,,,,,014N ­ 005E,SW1⁄4NE1⁄4,28,Lincoln
OK1880__.151,"CONNOLLY, ORA",4/16/1907,2559,OK,Indian,015N ­ 018W,W1⁄2NE1⁄4,20,Custer
OK1880__.172,"CONNOR, DAVID",4/16/1907,2580,OK,Indian,020N ­ 008E,NE1⁄4SW1⁄4,14,Pawnee
OK0810__.193,"CONTWAY, ALBERT W",1/14/1903,2313,OK,Indian,018N ­ 005E,N1⁄2NW1⁄4,24,Payne
54490,"COOK, CARRIE E",4/1/1909,0333,OK,Indian,017N ­ 017W,NE1⁄4NE1⁄4,23,Dewey
30163,"COOK, JAMES A",11/16/1908,2847,OK,Indian,016N ­ 018W,Lot/Trct 5,17,Dewey
"",,,,,,016N ­ 018W,Lot/Trct 6,17,Dewey
"",,,,,,016N ­ 018W,Lot/Trct 7,17,Dewey
"",,,,,,016N ­ 018W,Lot/Trct 8,17,Dewey
131009,"COOK, JAMES C",5/19/1910,03178,OK,Indian,019N ­ 026W,SW1⁄4,21,Ellis
97412,"COOK, WALTER",12/20/1909,02874,OK,Indian,019N ­ 026W,S1⁄2SW1⁄4,28,Ellis
"",,,,,,019N ­ 026W,N1⁄2NW1⁄4,33,Ellis
70531,"COOPER, JOHN E",7/6/1909,0840,OK,Indian,014N ­ 026W,NW1⁄4,21,Roger Mills
147844,"COOPER, JOHN T",8/4/1910,0905,OK,Indian,018N ­ 023W,NE1⁄4,29,Ellis
OK1880__.300,"COOPER, JOSE D",5/15/1907,2627,OK,Indian,015N ­ 025W,E1⁄2NE1⁄4,15,Roger Mills
104224,"CORNISH, JUNE",1/17/1910,02835,OK,Indian,016N ­ 015W,E1⁄2SW1⁄4,31,Dewey
OK1880__.287,"COSS, PHEBE",5/15/1907,2612,OK,Indian,017N ­ 017W,NE1⁄4,32,Dewey
OK1400__.398,"COUNTS, WILLIAM J",11/13/1905,2461,OK,Indian,007N ­ 003E,SW1⁄4SW1⁄4,1,Pottawatomie
MV­0678­111,"COVALT, OTIS",10/30/1907,2690,OK,Indian,018N ­ 015W,E1⁄2SE1⁄4,27,Dewey
22610,"COVINGTON, WILLIAM S",10/15/1908,2825,OK,Indian,015N ­ 022W,Lot/Trct 3,31,Roger Mills
"",,,,,,015N ­ 022W,Lot/Trct 4,31,Roger Mills
OK1400__.393,"COX, D HEATH",11/13/1905,2453,OK,Indian,026N ­ 007W,"SE1⁄4, Lot/Trct 8",19,Grant
MV­0754­462,"COX, WILLIAM W",4/2/1908,2721,OK,Indian,018N ­ 016W,SE1⁄4NW1⁄4,34,Dewey
MV­0733­102,"COYM, JOHN H",2/17/1908,2745,OK,Indian,015N ­ 026W,NE1⁄4,12,Roger Mills
70509,"COZART, HUGH H",7/6/1909,0415,OK,Indian,017N ­ 024W,Lot/Trct 8,19,"Ellis, Roger Mills"
"",,,,,,017N ­ 024W,Lot/Trct 5,30,"Ellis, Roger Mills"
OK1770__.370,"CRABTREE, SAM",6/30/1906,2531,OK,Indian,015N ­ 021W,E1⁄2NE1⁄4,19,
"",,,,,,015N ­ 021W,E1⁄2SE1⁄4,19,
OK1510__.007,"CRAIG, BENJAMIN",3/14/1905,2412,OK,Indian,014N ­ 005E,NW1⁄4,22,Lincoln
114131,"CRAVER, ALBERT S",2/28/1910,03174,OK,Indian,014N ­ 022W,Lot/Trct 1,6,Roger Mills
OK0610__.330,"CRAWFORD, JOHN",9/2/1902,2309,OK,Indian,016N ­ 001E,W1⁄2NE1⁄4,20,Logan
46879,"CREECH, TOMMIE N",2/15/1909,041,OK,Indian,017N ­ 025W,Lot/Trct 2,3,Roger Mills
"",,,,,,017N ­ 025W,Lot/Trct 3,3,Roger Mills
"",,,,,,017N ­ 025W,SW1⁄4NE1⁄4,3,Roger Mills
"",,,,,,017N ­ 025W,SE1⁄4NW1⁄4,3,Roger Mills
97408,"CROCKETT, LOU J",12/20/1909,02758,OK,Indian,019N ­ 021W,Lot/Trct 1,6,Ellis
"",,,,,,019N ­ 021W,Lot/Trct 2,6,Ellis
"",,,,,,019N ­ 021W,S1⁄2NE1⁄4,6,Ellis
OK1200__.031,"CROOKS, NORA M",11/11/1903,2280,OK,Indian,014N ­ 005E,Lot/Trct 1,3,Lincoln
"",,,,,,014N ­ 005E,Lot/Trct 2,3,Lincoln
"",,,,,,014N ­ 005E,S1⁄2NE1⁄4,3,Lincoln
22615,"CROTHERS, DAVID E",10/15/1908,2830,OK,Indian,014N ­ 020W,SE1⁄4NE1⁄4,6,Custer
OK1720__.124,"CRUSE, JAMES T",3/16/1906,2475,OK,Indian,011N ­ 002E,Lot/Trct 1,13,Pottawatomie
"",,,,,,011N ­ 002E,Lot/Trct 2,13,Pottawatomie
"",,,,,,011N ­ 002E,Lot/Trct 3,13,Pottawatomie
"",,,,,,011N ­ 002E,Lot/Trct 4,13,Pottawatomie
"",,,,,,011N ­ 002E,Lot/Trct 5,13,Pottawatomie
"",,,,,,011N ­ 002E,NE1⁄4SW1⁄4,13,Pottawatomie
OK1770__.363,"CUMMINGS, JOHN H",6/30/1906,2524,OK,Indian,017N ­ 020W,SE1⁄4SE1⁄4,31,Dewey
OK,Indian,017N ­ 025W,W1⁄2SW1⁄4,13,Roger Mills,,,,
"",,,,,,017N ­ 025W,E1⁄2SE1⁄4,14,Roger Mills
OK1880__.179,"CUSHMAN, MODESTUS",4/16/1907,2587,OK,Indian,015N ­ 022W,NE1⁄4SE1⁄4,8,Roger Mills
"",,,,,,015N ­ 022W,S1⁄2SE1⁄4,5,Roger Mills
"",,,,,,015N ­ 022W,NE1⁄4NE1⁄4,8,Roger Mills
MV­0704­083,"DAVIS, ALONZO T",12/26/1907,2696,OK,Indian,015N ­ 021W,SW1⁄4NW1⁄4,33,
"",,,,,,015N ­ 021W,W1⁄2SW1⁄4,33,
"",,,,,,015N ­ 021W,NE1⁄4SW1⁄4,33,
82111,"DAVIS, BENJAMIN S",10/4/1909,0880,OK,Indian,014N ­ 022W,N1⁄2NW1⁄4,28,Roger Mills
OK1880__.169,"DAVIS, CASSANDER J",4/16/1907,2577,OK,Indian,019N ­ 024W,Lot/Trct 3,5,Ellis
"",,,,,,019N ­ 024W,Lot/Trct 4,5,Ellis
"",,,,,,020N ­ 024W,S1⁄2SW1⁄4,32,Ellis
OK1880__.154,"DAVIS, DAVID E",4/16/1907,2563,OK,Indian,014N ­ 021W,W1⁄2NE1⁄4,31,Roger Mills
"",,,,,,014N ­ 021W,E1⁄2NW1⁄4,31,Roger Mills
OK1690__.395,"DAVIS, EDWARD S",3/28/1906,2474,OK,Indian,013N ­ 003E,E1⁄2SW1⁄4,22,Lincoln
87435,"DAVIS, HIRAM L",11/4/1909,01030,OK,Indian,017N ­ 025W,N1⁄2NW1⁄4,15,Roger Mills
MV­0750­301,"DAVIS, ISAAC",3/23/1908,2793,OK,Indian,017N ­ 008W,Lot/Trct 6,6,Kingfisher
"",,,,,,017N ­ 008W,Lot/Trct 7,6,Kingfisher
"",,,,,,017N ­ 008W,E1⁄2SW1⁄4,6,Kingfisher
OK1530__.178,"DAVIS, JAMES H",4/5/1905,2437,OK,Indian,006N ­ 003E,NW1⁄4NW1⁄4,29,Pottawatomi
10753,"DAVIS, JOHN T",9/1/1908,2514,OK,Indian,008N ­ 004E,Lot/Trct 1,19,Pottawatomi
OK1770__.360,"DAVIS, JOSHUA B",6/30/1906,2521,OK,Indian,019N ­ 024W,Lot/Trct 1,5,Ellis
"",,,,,,019N ­ 024W,Lot/Trct 2,5,Ellis
"",,,,,,020N ­ 024W,S1⁄2SE1⁄4,32,Ellis
104223,"DAVIS, ROBERT L",1/17/1910,02680,OK,Indian,018N ­ 025W,Lot/Trct 2,1,Ellis
"",,,,,,018N ­ 025W,Lot/Trct 3,1,Ellis
"",,,,,,018N ­ 025W,SW1⁄4NE1⁄4,1,Ellis
"",,,,,,018N ­ 025W,SE1⁄4NW1⁄4,1,Ellis
MV­0750­290,"DAVIS, WILLIAM W",3/23/1908,2779,OK,Indian,016N ­ 025W,E1⁄2NW1⁄4,20,Roger Mills
114128,"DEBORD, EDGAR E",2/28/1910,03086,OK,Indian,015N ­ 019W,NW1⁄4,28,Custer
MV­0735­482,"DEBORD, THOMAS JEFFERSON",2/17/1908,2765,OK,Indian,015N ­ 026W,S1⁄2NW1⁄4,20,Roger Mills
"",,,,,,015N ­ 026W,N1⁄2SW1⁄4,20,Roger Mills
54487,"DEDMAN, ADDIE",4/1/1909,0280,OK,Indian,018N ­ 026E,NW1⁄4SE1⁄4,32,Adair
"",,,,,,018N ­ 026W,S1⁄2SE1⁄4,32,Ellis
"",,,,,,018N ­ 026E,SE1⁄4SW1⁄4,32,Adair
OK1880__.159,"DEIBEL, DAVID H",4/16/1907,2569,OK,Indian,015N ­ 025W,SE1⁄4,2,Roger Mills
OK1880__.304,"DELAY, ROY",5/15/1907,2631,OK,Indian,014N ­ 017W,Lot/Trct 6,6,Custer
OK1880__.166,"DENBURGER, ED",4/16/1907,2596,OK,Indian,015N ­ 013W,E1⁄2NE1⁄4,10,Blaine
MV­0733­090,"DENTON, MAGGIE PHELAN,PHELAN, MAGGIE",2/17/1908,2731,OK,Indian,019N ­ 026W,S1⁄2SW1⁄4,2,Ellis
MV­0750­298,"DEWALT, CHRIS",3/23/1908,2790,OK,Indian,019N ­ 026W,Lot/Trct 3,2,Ellis
"",,,,,,019N ­ 026W,SE1⁄4NW1⁄4,2,Ellis
"",,,,,,019N ­ 026W,N1⁄2SW1⁄4,2,Ellis
OK0860__.461,"DIAL, JAMES N",5/2/1903,2345,OK,Indian,014N ­ 001E,Lot/Trct 6,11,Oklahoma
"",,,,,,014N ­ 001E,Lot/Trct 7,11,Oklahoma
"",,,,,,014N ­ 001E,Lot/Trct 8,11,Oklahoma
"",,,,,,014N ­ 001E,Lot/Trct 9,11,Oklahoma
"",,,,,,014N ­ 001E,Lot/Trct 10,11,Oklahoma
70522,"DICK, DEE",7/6/1909,0612,OK,Indian,018N ­ 018W,NE1⁄4NE1⁄4,12,Dewey
OK,Indian,014N ­ 021W,E1⁄2SE1⁄4,3,Roger Mills,,,,
"",,014N ­ 021W,NW1⁄4SW1⁄4,2,Roger Mills,,,,
97396,"DICK, WILLIAM P",12/20/1909,02090,OK,Indian,018N ­ 018W,E1⁄2SW1⁄4,1,Dewey
"",,,,,,018N ­ 018W,SW1⁄4SE1⁄4,1,Dewey
"",,,,,,018N ­ 018W,NW1⁄4NE1⁄4,12,Dewey
OK1770__.338,"DICKEY, JOHN E",6/30/1906,2495,OK,Indian,009N ­ 002E,SW1⁄4,34,Pottawatomi
OK1720__.345,"DIXON, THEODORE V",5/1/1906,2481,OK,Indian,007N ­ 003E,NW1⁄4NE1⁄4,24,Pottawatomi
OK0810__.216,"DOBBS, TREASY L",1/14/1903,2311,OK,Indian,015N ­ 003E,Lot/Trct 4,1,Lincoln
51951,"DODD, EDWARD L",3/15/1909,0179,OK,Indian,018N ­ 024W,NE1⁄4NE1⁄4,20,Ellis
OK0860__.469,"DODSON, JAMES L",5/2/1903,2355,OK,Indian,026N ­ 002E,W1⁄2SE1⁄4,12,Kay
MV­0735­469,"DONATHAN, KIRK",2/17/1908,2751,OK,Indian,015N ­ 022W,S1⁄2SW1⁄4,23,Roger Mills
"",,,,,,015N ­ 022W,N1⁄2NW1⁄4,26,Roger Mills
OK0860__.463,"DOWNEY, JOHN",5/2/1903,2347,OK,Indian,015N ­ 004E,SW1⁄4NW1⁄4,22,Lincoln
OK1260__.020,"DOWNEY, LEWIS",2/12/1904,2387,OK,Indian,014N ­ 004E,NW1⁄4,20,Lincoln
MV­0735­471,"DOWNNING, JAMES E",2/17/1908,2753,OK,Indian,019N ­ 024W,SE1⁄4,13,Ellis
OK1880__.295,"DOYLE, JOSEPH H",5/15/1907,2622,OK,Indian,021N ­ 001W,SW1⁄4,26,Noble
OK0610__.373,"DRAKE, WILLIAM",10/10/1902,2302,OK,Indian,017N ­ 002E,N1⁄2SE1⁄4,18,Payne
10760,"DRIPS, JOHN C",9/1/1908,2822,OK,Indian,015N ­ 026W,Lot/Trct 1,1,Roger Mills
"",,,,,,015N ­ 026W,Lot/Trct 2,1,Roger Mills
"",,,,,,015N ­ 026W,S1⁄2NE1⁄4,1,Roger Mills
MV­0611­152,"DRISKELL, JAMES E",5/24/1907,2641,OK,Indian,016N ­ 019W,S1⁄2SE1⁄4,9,Dewey
"",,,,,,016N ­ 019W,S1⁄2SW1⁄4,9,Dewey
130998,"DRYDEN, EMMETT L",5/19/1910,0973,OK,Indian,014N ­ 024W,W1⁄2SW1⁄4,25,Roger Mills
"",,,,,,014N ­ 024W,NE1⁄4SE1⁄4,26,Roger Mills
MV­0735­473,"DUERKSEN, JOHN T",2/17/1908,2755,OK,Indian,014N ­ 025W,Lot/Trct 3,6,Roger Mills
"",,,,,,014N ­ 025W,Lot/Trct 4,6,Roger Mills
"",,,,,,014N ­ 025W,E1⁄2SW1⁄4,6,Roger Mills
OK1690__.486,"DUGGAN, THOMAS F",5/23/1906,2485,OK,Indian,025N ­ 002W,N1⁄2SE1⁄4,23,Kay
MV­0704­081,"DUNAGAN, CHARLES H",12/26/1907,2694.5,OK,Indian,016N ­ 024W,SE1⁄4SE1⁄4,35,Roger Mills
OK0610__.015,"DUNMIRE, AMBROSE D",3/17/1902,2284,OK,Indian,015N ­ 004E,SE1⁄4,13,Lincoln
OK1880__.271,"DUNN, ROBERT R",5/15/1907,2486,OK,Indian,020N ­ 008E,E1⁄2SE1⁄4,10,Pawnee
22609,"DUTTON, JOHN",10/15/1908,2824,OK,Indian,019N ­ 023W,NW1⁄4,32,Ellis
MV­0611­151,"DYER, ROBISON P",5/24/1907,2640,OK,Indian,007N ­ 003E,E1⁄2SW1⁄4,8,Pottawatomi
28005,"EDENBOROUGH, SAMUEL H",11/9/1908,2842,OK,Indian,018N ­ 025W,Lot/Trct 4,19,Ellis
"",,,,,,018N ­ 025W,Lot/Trct 1,30,Ellis
"",,,,,,018N ­ 026W,E1⁄2NE1⁄4,25,Ellis
OK1200__.036,"EDMISTEN, JOHN D",11/11/1903,2380,OK,Indian,014N ­ 006E,N1⁄2SE1⁄4,27,Lincoln
OK1550__.168,"EDWARDS, JAMES",6/30/1905,2442,OK,Indian,008N ­ 001E,Lot/Trct 1,7,Cleveland
"",,,,,,008N ­ 001E,Lot/Trct 2,7,Cleveland
69031,"EDWARDS, SOLOMON",6/24/1909,0994,OK,Indian,023N ­ 007W,NE1⁄4,25,Garfield
MV­0733­086,"EGNEW, BENJAMIN F",2/17/1908,2727,OK,Indian,015N ­ 023W,SW1⁄4NW1⁄4,35,Roger Mills
"",,,,,,015N ­ 023W,W1⁄2SW1⁄4,35,Roger Mills
"",,,,,,014N ­ 023W,Lot/Trct 4,2,Roger Mills
22608,"ELLIOTT, CHARLES",10/15/1908,2823,OK,Indian,014N ­ 023W,W1⁄2SE1⁄4,1,Roger Mills
OK1510__.006,"ELLIOTT, MAGGIE",3/14/1905,2410,OK,Indian,010N ­ 003E,N1⁄2NE1⁄4,29,Pottawatomi
OK1720__.341,"ELLISON, WILLIAM J",5/1/1906,2478,OK,Indian,006N ­ 002E,Lot/Trct 1,3,Pottawatomi
"",,,,,,006N ­ 002E,Lot/Trct 2,3,Pottawatomi
"",,,,,,006N ­ 002E,S1⁄2NE1⁄4,3,Pottawatomi
MV­0624­301,"EMERY, ALBERT L",8/2/1907,2651,OK,Indian,017N ­ 012W,S1⁄2SE1⁄4,12,Blaine
87433,"EMERY, ALBERT L",11/4/1909,01002,OK,Indian,017N ­ 012W,N1⁄2NW1⁄4,12,Blaine
MV­0735­466,"EMMONS, ALEX S",2/17/1908,2748,OK,Indian,015N ­ 012W,SW1⁄4,28,Blaine
87439,"EVANS, MARY J",11/4/1909,01088,OK,Indian,018N ­ 016W,Lot/Trct 4,17,Dewey
MV­0735­480,"EVANS, WILLIAM H",2/17/1908,2763,OK,Indian,019N ­ 012W,SE1⁄4,32,Blaine
OK1530__.189,"EWING, WILLIAM",4/5/1905,2431,OK,Indian,011N ­ 003E,NE1⁄4,29,Pottawatomi
54499,"FAIN, GEORGE N",4/1/1909,0494,OK,Indian,016N ­ 026W,S1⁄2NE1⁄4,29,Roger Mills
"",,,,,,016N ­ 026W,NW1⁄4NE1⁄4,29,Roger Mills
OK1170__.148,"FARMER, JOHN JOSEPH",9/24/1903,2374,OK,Indian,015N ­ 002E,N1⁄2SE1⁄4,33,Lincoln
MV­0611­150,"FAY, LULA M",5/24/1907,2639,OK,Indian,017N ­ 025W,Lot/Trct 2,31,Roger Mills
"",,,,,,017N ­ 025W,W1⁄2NE1⁄4,31,Roger Mills
"",,,,,,017N ­ 025W,SE1⁄4NW1⁄4,31,Roger Mills
MV­0624­307,"FERGUSON, FRANCIS",8/2/1907,2657,OK,Indian,015N ­ 023W,E1⁄2SE1⁄4,20,Roger Mills
"",,,,,,015N ­ 023W,W1⁄2SW1⁄4,21,Roger Mills
OK1790__.457,"FERGUSON, ISAAC N",12/17/1906,2460,OK,Indian,007N ­ 004E,SW1⁄4SW1⁄4,17,Pottawatomi
OK1770__.031,"FERGUSON, LUCIAN L",6/8/1906,2292,OK,Indian,017N ­ 004E,SE1⁄4,13,Payne
30166,"FERRILL, JAMES D",11/16/1908,2850,OK,Indian,019N ­ 024W,SE1⁄4,3,Ellis
131003,"FERRILL, WILLIAM D",5/19/1910,02912,OK,Indian,020N ­ 023W,Lot/Trct 11,31,Ellis
"",,,,,,020N ­ 023W,SE1⁄4SW1⁄4,31,Ellis
MV­0750­294,"FIELDER, CLARENCE C",3/23/1908,2786,OK,Indian,019N ­ 026W,W1⁄2SE1⁄4,33,Ellis
"",,,,,,019N ­ 026W,NE1⁄4SW1⁄4,33,Ellis
"",,,,,,019N ­ 026W,SE1⁄4NW1⁄4,33,Ellis
OK0990__.394,"FINLEY, JOHN P",7/1/1903,2318,OK,Indian,027N ­ 003E,W1⁄2NW1⁄4,25,Kay
"",,,,,,027N ­ 003E,W1⁄2SW1⁄4,25,Kay
104225,"FISCHER, CHRISTIAN F",1/17/1910,02988,OK,Indian,019N ­ 024W,Lot/Trct 2,18,Ellis
"",,,,,,019N ­ 024W,Lot/Trct 3,18,Ellis
"",,,,,,019N ­ 024W,SE1⁄4NW1⁄4,18,Ellis
"",,,,,,019N ­ 024W,NE1⁄4SW1⁄4,18,Ellis
118098,"FISHER, WILLIAM T",3/14/1910,02330,OK,Indian,014N ­ 023W,N1⁄2NW1⁄4,26,Roger Mills
"",,,,,,014N ­ 023W,SE1⁄4NW1⁄4,26,Roger Mills
"",,,,,,014N ­ 023W,NW1⁄4NE1⁄4,26,Roger Mills
54501,"FLACK, MAGGIE M",4/1/1909,0501,OK,Indian,019N ­ 025W,NW1⁄4SE1⁄4,2,Ellis
OK1510__.005,"FLEMING, RICHARD L",3/14/1905,2409,OK,Indian,018N ­ 006E,Lot/Trct 4,13,Payne
"",,,,,,018N ­ 006E,Lot/Trct 1,24,Payne
51077,"FOICE, JOHN",3/11/1909,066,OK,Indian,014N ­ 024W,SW1⁄4,12,Roger Mills
OK0810__.205,"FOLAN, EDWARD",1/14/1903,2326,OK,Indian,021N ­ 001W,SE1⁄4,5,Noble
OK1170__.144,"FOLAN, NELLIE",9/24/1903,2370,OK,Indian,021N ­ 001W,NE1⁄4,18,Noble
MV­0719­012,"FORD, JANE,HENSON, JANE",1/27/1908,2744,OK,Indian,015N ­ 024W,Lot/Trct 1,1,Roger Mills
"",,,,,,015N ­ 024W,Lot/Trct 2,1,Roger Mills
"",,,,,,015N ­ 024W,S1⁄2NE1⁄4,1,Roger Mills
34792,"FOREAKER, FRANK",12/14/1908,2855,OK,Indian,014N ­ 026W,NW1⁄4,33,Roger Mills
131006,"FOULK, WALTER C",5/19/1910,02996,OK,Indian,018N ­ 019W,NE1⁄4NW1⁄4,12,Dewey
OK0860__.467,"FOUNTAIN, ANDREW E",5/2/1903,2352,OK,Indian,025N ­ 001W,Lot/Trct 3,9,Kay
"",,,,,,025N ­ 001W,Lot/Trct 4,9,Kay
OK1720__.471,"FREDINE, HENRY",5/1/1906,548,OK,Indian,015N ­ 003W,SE1⁄4,20,Logan
87427,"FREEBORN, ROY",11/4/1909,0979,OK,Indian,015N ­ 021W,NE1⁄4SE1⁄4,27,Roger Mills
"",,,,,,015N ­ 021W,NW1⁄4SW1⁄4,26,Roger Mills
"",,,,,,015N ­ 021W,SW1⁄4NW1⁄4,26,Roger Mills
54496,"FREEMAN, EDWARD D",4/1/1909,0463,OK,Indian,014N ­ 025W,NE1⁄4,34,Roger Mills
54503,"FREEMAN, JAMES L",4/1/1909,0518,OK,Indian,015N ­ 026W,Lot/Trct 3,1,Roger Mills
"",,,,,,015N ­ 026W,Lot/Trct 4,1,Roger Mills
"",,,,,,015N ­ 026W,S1⁄2NW1⁄4,1,Roger Mills
OK1380__.027,"FRENCH, CHARLES M",10/10/1904,2349,OK,Indian,015N ­ 005E,NW1⁄4,26,Lincoln
OK,Indian,016N ­ 026W,NW1⁄4SE1⁄4,32,Roger Mills,,,,
"",,,,,,016N ­ 026W,SW1⁄4NE1⁄4,32,Roger Mills
"",,,,,,016N ­ 026W,N1⁄2NE1⁄4,32,Roger Mills
OK1880__.292,"FUNSTON, LOUIS T",5/15/1907,2619,OK,Indian,014N ­ 025W,Lot/Trct 3,7,Roger Mills
"",,,,,,014N ­ 025W,Lot/Trct 4,7,Roger Mills
OK0420__.399,"GALLOWAY, JAMES A",10/9/1901,2274,OK,Indian,015N ­ 006E,SE1⁄4SE1⁄4,32,Lincoln
124025,"GARCIER, ANTONIA",4/7/1910,02565,OK,Indian,016N ­ 015W,W1⁄2NW1⁄4,33,Dewey
131015,"GARDNER, ALVA W",5/19/1910,03317,OK,Indian,018N ­ 025W,SE1⁄4NE1⁄4,30,Ellis
OK0610__.390,"GARDNER, WILLIAM J",11/14/1902,2295,OK,Indian,015N ­ 004E,SE1⁄4,5,Lincoln
108002,"GARDNER, WILLIAM T",1/28/1910,03201,OK,Indian,024N ­ 006W,SE1⁄4,34,Garfield
MV­0704­097,"GARWOOD, CLYDE L",12/26/1907,2715,OK,Indian,016N ­ 021W,E1⁄2SE1⁄4,17,Roger Mills
"",,,,,,016N ­ 021W,E1⁄2NE1⁄4,17,Roger Mills
MV­0704­099,"GATLIN, LUCINDA",12/26/1907,2718,OK,Indian,019N ­ 025W,SE1⁄4SE1⁄4,5,Ellis
OK1770__.381,"GAY, FRANK M",6/30/1906,2544,OK,Indian,019N ­ 025W,S1⁄2NW1⁄4,20,Ellis
"",,,,,,019N ­ 025W,N1⁄2SW1⁄4,20,Ellis
OK0610__.368,"GEARHART, CHARLES T",10/10/1902,2293,OK,Indian,016N ­ 002E,E1⁄2NW1⁄4,10,Lincoln
22612,"GENTRY, SALLIE",10/15/1908,2827,OK,Indian,018N ­ 020W,NE1⁄4SE1⁄4,15,Dewey
OK1720__.342,"GIBBONS, AMOS C",5/1/1906,2479,OK,Indian,020N ­ 008E,N1⁄2NE1⁄4,10,Pawnee
"",,,,,,020N ­ 008E,NW1⁄4NW1⁄4,11,Pawnee
10755,"GILBERT, EDWARD N",9/1/1908,2816,OK,Indian,015N ­ 025W,Lot/Trct 1,18,Roger Mills
"",,,,,,015N ­ 025W,Lot/Trct 2,18,Roger Mills
"",,,,,,015N ­ 025W,E1⁄2NW1⁄4,18,Roger Mills
118105,"GILLESPIE, WILLIAM",3/14/1910,03386,OK,Indian,016N ­ 025W,SE1⁄4SW1⁄4,24,Roger Mills
"",,,,,,016N ­ 025W,E1⁄2NW1⁄4,25,Roger Mills
"",,,,,,016N ­ 025W,NE1⁄4SW1⁄4,25,Roger Mills
OK1770__.353,"GILLISPIE, DANIEL",6/30/1906,2512,OK,Indian,015N ­ 026W,SW1⁄4NE1⁄4,26,Roger Mills
OK1880__.288,"GLASSEY, SAMUEL F",5/15/1907,2616,OK,Indian,020N ­ 026W,SW1⁄4SE1⁄4,34,Ellis
97397,"GLENN, ELLA M,PENNY, ELLA M",12/20/1909,02164,OK,Indian,015N ­ 024W,NE1⁄4SW1⁄4,34,Roger Mills
"",,,,,,015N ­ 024W,N1⁄2SE1⁄4,34,Roger Mills
"",,,,,,015N ­ 024W,NW1⁄4SW1⁄4,35,Roger Mills
OK1170__.277,"GLOTFELTY, SAMUEL S",11/2/1903,2339,OK,Indian,021N ­ 002W,SE1⁄4,9,Noble
OK1880__.145,"GOBLE, WILLIAM F",4/16/1907,2553,OK,Indian,016N ­ 020W,SW1⁄4,26,Dewey
OK1260__.016,"GORDON, JANE E",2/12/1904,2360,OK,Indian,021N ­ 001W,Lot/Trct 1,5,Noble
"",,,,,,021N ­ 001W,Lot/Trct 2,5,Noble
"",,,,,,021N ­ 001W,S1⁄2NE1⁄4,5,Noble
136077,"GOULD, CLINT T",6/13/1910,0561,OK,Indian,014N ­ 025W,E1⁄2SW1⁄4,3,Roger Mills
"",,,,,,014N ­ 025W,W1⁄2SE1⁄4,3,Roger Mills
OK1170__.135,"GOWING, MARTIN L",9/24/1903,2359,OK,Indian,020N ­ 006E,NW1⁄4SW1⁄4,8,Pawnee
1193,"GRAVES, ROY L",7/6/1908,2813,OK,Indian,014N ­ 024W,SW1⁄4,26,Roger Mills
OK1770__.373,"GREEN, JAMES A",6/30/1906,2534,OK,Indian,015N ­ 019W,SW1⁄4,10,Custer
OK1880__.162,"GREEN, JOHN A",4/16/1907,2573,OK,Indian,015N ­ 019W,W1⁄2NE1⁄4,26,Custer
"",,,,,,015N ­ 019W,N1⁄2NW1⁄4,26,Custer
OK0610__.454,"GREENLEE, AMANDA E",10/28/1902,2301,OK,Indian,018N ­ 005E,W1⁄2SE1⁄4,33,Payne
"",,,,,,018N ­ 005E,NE1⁄4SE1⁄4,33,Payne
OK0610__.012,"GREENWELL, CHARLES N",3/17/1902,2281,OK,Indian,016N ­ 002E,N1⁄2SE1⁄4,33,Lincoln
OK1770__.361,"GRIFFIS, FRED H",6/30/1906,2522,OK,Indian,017N ­ 026W,SE1⁄4,4,Ellis
OK0540__.468,"GRIMM, PHILLIP C",12/30/1901,2273,OK,Indian,014N ­ 006E,E1⁄2NW1⁄4,28,Lincoln
OK1880__.286,"GRIPE, FRED E",5/15/1907,2611,OK,Indian,016N ­ 015W,W1⁄2SE1⁄4,30,Dewey
"",,,,,,016N ­ 015W,SE1⁄4SW1⁄4,30,Dewey
OK1880__.170,"GRISSOM, JOHN S",4/16/1907,2578,OK,Indian,026N ­ 002W,NE1⁄4,19,Kay
OK1170__.278,"GROETKEN, HERMAN J",11/2/1903,2342,OK,Indian,021N ­ 002W,SE1⁄4,23,Noble
87438,"GUMMOW, HOWARD B",11/4/1909,01051,OK,Indian,019N ­ 020W,W1⁄2SE1⁄4,30,Dewey
"",,,,,,019N ­ 020W,NW1⁄4NE1⁄4,31,Dewey
"",,,,,,019N ­ 020W,NE1⁄4NW1⁄4,31,Dewey
OK1880__.283,"HABEKOTT, BELFORD",5/15/1907,2608,OK,Indian,016N ­ 024W,E1⁄2NE1⁄4,11,Ellis
"",,,,,,016N ­ 024W,E1⁄2SE1⁄4,11,Ellis
OK1790__.350,"HAGUE, JAMES H",10/9/1906,2550,OK,Indian,013N ­ 003E,NW1⁄4,8,Lincoln
51075,"HAINES, HARRY Z",3/11/1909,012,OK,Indian,015N ­ 022W,W1⁄2NW1⁄4,14,Roger Mills
"",,,,,,015N ­ 022W,E1⁄2NE1⁄4,15,Roger Mills
OK1510__.004,"HALL, LORENA P,KERNS, LORENA P",3/14/1905,2408,OK,Indian,019N ­ 003E,SW1⁄4,9,Payne
97394,"HANNA, ROBERT M",12/20/1909,01005,OK,Indian,014N ­ 025W,SE1⁄4,5,Roger Mills
OK1170__.143,"HARBISON, CARL",9/24/1903,2369,OK,Indian,020N ­ 002E,N1⁄2SW1⁄4,9,Payne
OK1530__.004,"HARDY, JESSE W",3/29/1905,2424,OK,Indian,021N ­ 008E,Lot/Trct 4,18,Pawnee
"",,,,,,021N ­ 008E,SE1⁄4SW1⁄4,18,Pawnee
131002,"HARKNESS, HARRY C",5/19/1910,02900,OK,Indian,019N ­ 021W,NE1⁄4,35,Ellis
OK1690__.394,"HARLAN, FRANK",3/28/1906,2473,OK,Indian,018N ­ 006E,Lot/Trct 1,12,Payne
"",,,,,,018N ­ 006E,Lot/Trct 1,13,Payne
"",,,,,,018N ­ 006E,Lot/Trct 2,13,Payne
"",,,,,,018N ­ 006E,Lot/Trct 3,13,Payne
MV­0677­108,"HARMON, FREDRICK",10/26/1907,2667,OK,Indian,016N ­ 026W,S1⁄2NW1⁄4,35,Roger Mills
"",,,,,,016N ­ 026W,NW1⁄4NW1⁄4,35,Roger Mills
OK1530__.187,"HARMON, SAMUEL H",4/5/1905,2429,OK,Indian,021N ­ 008E,E1⁄2NE1⁄4,20,Pawnee
MV­0611­157,"HARMS, WILLIAM H",5/24/1907,2646,OK,Indian,016N ­ 020W,W1⁄2NW1⁄4,29,Dewey
MV­0611­148,"HARREL, E DELLA",5/24/1907,2637,OK,Indian,018N ­ 021W,Lot/Trct 1,33,Roger Mills
"",,,,,,018N ­ 021W,NW1⁄4NE1⁄4,33,Roger Mills
"",,,,,,018N ­ 021W,E1⁄2NW1⁄4,33,Roger Mills
28001,"HARRISON, CAMFORD M",11/9/1908,2837,OK,Indian,014N ­ 025W,NE1⁄4,6,Roger Mills
OK1380__.033,"HARRISON, GRANVILLE",10/10/1904,2405,OK,Indian,016N ­ 002E,NE1⁄4,21,Lincoln
OK1530__.191,"HART, FRANCIS",4/5/1905,2433,OK,Indian,021N ­ 008E,Lot/Trct 3,30,Pawnee
"",,,,,,021N ­ 008E,Lot/Trct 4,30,Pawnee
"",,,,,,021N ­ 008E,E1⁄2SW1⁄4,30,Pawnee
97414,"HARTMAN, GEORGE F",12/20/1909,02935,OK,Indian,019N ­ 021W,E1⁄2SE1⁄4,20,Ellis
"",,,,,,019N ­ 021W,E1⁄2NE1⁄4,29,Ellis
OK0810__.204,"HARTSELL, IDA M",1/14/1903,2325,OK,Indian,022N ­ 007E,N1⁄2NW1⁄4,27,"Osage, Pawnee"
"",,,,,,022N ­ 007E,SW1⁄4NW1⁄4,27,"Osage, Pawnee"
97404,"HARTZOG, FRANKLIN T",12/20/1909,02645,OK,Indian,015N ­ 026W,SW1⁄4SW1⁄4,23,Roger Mills
"",,,,,,015N ­ 026W,W1⁄2NW1⁄4,26,Roger Mills
"",,,,,,015N ­ 026W,SE1⁄4NW1⁄4,26,Roger Mills
OK1880__.148,"HARVEY, ELIJAH D",4/16/1907,2556,OK,Indian,019N ­ 019W,SE1⁄4SW1⁄4,18,Dewey
"",,,,,,019N ­ 019W,Lot/Trct 2,19,Dewey
"",,,,,,019N ­ 019W,E1⁄2NW1⁄4,19,Dewey
OK1880__.149,"HARVEY, KAY",4/16/1907,2557,OK,Indian,019N ­ 020W,NW1⁄4NW1⁄4,25,Dewey
OK1880__.147,"HARVEY, SIMEON J",4/16/1907,2555,OK,Indian,019N ­ 019W,Lot/Trct 3,18,Dewey
"",,,,,,019N ­ 019W,Lot/Trct 4,18,Dewey
"",,,,,,019N ­ 019W,Lot/Trct 1,19,Dewey
MV­0677­111,"HASSELL, JOHN WILLIE",10/26/1907,2670,OK,Indian,015N ­ 022W,NW1⁄4,1,Roger Mills
147841,"HASTINGS, JAMES K",8/4/1910,054,OK,Indian,017N ­ 002E,Lot/Trct 9,4,Payne
MV­0611­161,"HATLEY, WILLIAM E",5/24/1907,2650,OK,Indian,016N ­ 025W,Lot/Trct 3,3,Roger Mills
"",,017N ­ 025W,S1⁄2SE1⁄4,34,Roger Mills,,,,
"",,017N ­ 025W,SE1⁄4SW1⁄4,34,Roger Mills,,,,
OK,Indian,014N ­ 024W,E1⁄2SW1⁄4,25,Roger Mills,,,,
"",,,,,,014N ­ 024W,S1⁄2SE1⁄4,25,Roger Mills
MV­0611­147,"HAWTHORNE, ANDREW",5/24/1907,2636,OK,Indian,016N ­ 025W,Lot/Trct 2,1,Roger Mills
"",,,,,,016N ­ 025W,Lot/Trct 3,1,Roger Mills
"",,,,,,016N ­ 025W,Lot/Trct 4,1,Roger Mills
"",,,,,,016N ­ 025W,SW1⁄4NW1⁄4,1,Roger Mills
"",,,,,,016N ­ 025W,SE1⁄4NE1⁄4,2,Roger Mills
OK1880__.273,"HAY, FRANK",5/15/1907,2560,OK,Indian,015N ­ 023W,NW1⁄4NW1⁄4,34,Roger Mills
OK1770__.371,"HAYHURST, JAMES IRA",6/30/1906,2532,OK,Indian,018N ­ 021W,E1⁄2SW1⁄4,14,Ellis
"",,,,,,018N ­ 021W,W1⁄2SE1⁄4,14,Ellis
OK0860__.468,"HAYNES, CHARLES M",5/2/1903,2353,OK,Indian,021N ­ 002W,Lot/Trct 4,18,Noble
MV­0611­156,"HAYS, DAVID M",5/24/1907,2645,OK,Indian,017N ­ 013W,Lot/Trct 3,1,Blaine
"",,,,,,017N ­ 013W,Lot/Trct 4,1,Blaine
"",,,,,,017N ­ 013W,SE1⁄4NW1⁄4,1,Blaine
MV­0704­086,"HAYS, SAMUEL C",12/26/1907,2700,OK,Indian,017N ­ 022W,W1⁄2SW1⁄4,35,Roger Mills
"",,,,,,017N ­ 022W,SE1⁄4SW1⁄4,35,Roger Mills
97401,"HEALD, FRED",12/20/1909,02506,OK,Indian,019N ­ 023W,NE1⁄4,35,Ellis
34794,"HEFFRON, EDWARD W",12/14/1908,2857,OK,Indian,019N ­ 022W,NE1⁄4NW1⁄4,12,Ellis
OK0860__.347,"HEFFRON, NICHOLAS",4/14/1903,2312,OK,Indian,014N ­ 002E,SE1⁄4,6,Lincoln
108003,"HENNESSEY, BENJAMIN F",1/28/1910,03399,OK,Indian,018N ­ 012W,NE1⁄4SW1⁄4,25,Blaine
"",,,,,,018N ­ 012W,N1⁄2SE1⁄4,25,Blaine
MV­0704­096,"HERREN, WILLIAM",12/26/1907,2714,OK,Indian,016N ­ 025W,SE1⁄4,22,Roger Mills
OK1260__.485,"HESS, ARTHUR L",6/8/1904,2385,OK,Indian,027N ­ 001W,SW1⁄4,35,Kay
87424,"HESTER, ISAAC S",11/4/1909,0882,OK,Indian,019N ­ 023W,Lot/Trct 6,6,Ellis
"",,,,,,019N ­ 023W,Lot/Trct 7,6,Ellis
"",,,,,,019N ­ 023W,E1⁄2SW1⁄4,6,Ellis
OK1170__.275,"HETZEL, GEORGE S",11/2/1903,1345,OK,Indian,015N ­ 005E,S1⁄2SW1⁄4,20,Lincoln
"",,,,,,015N ­ 005E,SW1⁄4SE1⁄4,20,Lincoln
OK1880__.175,"HEWES, EMILY J",4/16/1907,2583,OK,Indian,019N ­ 020W,N1⁄2NW1⁄4,28,Dewey
"",,,,,,019N ­ 020W,SW1⁄4SW1⁄4,21,Dewey
136078,"HIGGENBOTTOM, SAMUEL",6/13/1910,02111,OK,Indian,018N ­ 014W,SE1⁄4,8,Dewey
OK0610__.452,"HIMES, LYDIA L",10/28/1902,2297,OK,Indian,017N ­ 002W,SW1⁄4NW1⁄4,2,Logan
147853,"HINDMAN, JOHN E",8/4/1910,03321,OK,Indian,017N ­ 017W,SE1⁄4SE1⁄4,22,Dewey
OK1690__.058,"HINKS, GEORGE",12/30/1905,2457,OK,Indian,027N ­ 008W,NE1⁄4,21,Grant
MV­0677­116,"HIXSON, HERMAN T",10/26/1907,2674,OK,Indian,018N ­ 024W,SW1⁄4SW1⁄4,22,Ellis
"",,,,,,018N ­ 024W,SE1⁄4SE1⁄4,21,Ellis
"",,,,,,018N ­ 024W,NE1⁄4NE1⁄4,28,Ellis
"",,,,,,018N ­ 024W,NW1⁄4NW1⁄4,27,Ellis
OK1380__.360,"HODGE, SAMUEL D",12/12/1904,2338,OK,Indian,015N ­ 002E,SE1⁄4NE1⁄4,19,Lincoln
"",,,,,,015N ­ 002E,NW1⁄4SE1⁄4,19,Lincoln
"",,,,,,015N ­ 002E,Lot/Trct 5,19,Lincoln
131004,"HOGG, THOMAS J",5/19/1910,02939,OK,Indian,017N ­ 022W,S1⁄2SW1⁄4,5,Ellis
"",,,,,,017N ­ 022W,NW1⁄4NW1⁄4,8,Ellis
"",,,,,,017N ­ 022W,NE1⁄4NE1⁄4,7,Ellis
104222,"HOGGATT, MARK M",1/17/1910,01947,OK,Indian,015N ­ 025W,SW1⁄4,8,Roger Mills
OK1260__.018,"HOLDERREAD, HENRY H",2/12/1904,2384,OK,Indian,017N ­ 005E,NE1⁄4,7,Payne
OK1770__.369,"HOLLADAY, JOSEPH P",6/30/1906,2530,OK,Indian,015N ­ 026W,SW1⁄4SW1⁄4,20,Roger Mills
"",,,,,,015N ­ 026W,NW1⁄4NW1⁄4,29,Roger Mills
"",,,,,,015N ­ 026W,Lot/Trct 1,30,Roger Mills
"",,,,,,015N ­ 026W,NE1⁄4NE1⁄4,30,Roger Mills
MV­0704­091,"HOLLOWAY, JOHN M",12/26/1907,2708,OK,Indian,014N ­ 026W,NE1⁄4,23,Roger Mills
114127,"HONEYCUTT, JUDSON C",2/28/1910,02994,OK,Indian,015N ­ 021W,Lot/Trct 5,6,Roger Mills
OK1770__.374,"HOOD, JOHN WASHINGTON",6/30/1906,2536,OK,Indian,019N ­ 021W,NE1⁄4,15,Ellis
107999,"HOPKINS, THOMAS N",1/28/1910,02597,OK,Indian,019N ­ 023W,SW1⁄4,5,Ellis
97409,"HORR, JASPER W",12/20/1909,02812,OK,Indian,019N ­ 020W,Lot/Trct 4,1,Dewey
MV­0733­089,"HORTON, NANCY A SMITH,SMITH, NANCY A",2/17/1908,2730,OK,Indian,016N ­ 015W,W1⁄2SW1⁄4,33,Dewey
OK0870__.310,"HOSLER, JAMES F",7/11/1903,2357,OK,Indian,016N ­ 002E,NE1⁄4,22,Lincoln
MV­0761­163,"HOSTETLER, ELMIRA",4/20/1908,2785,OK,Indian,018N ­ 016W,SW1⁄4SE1⁄4,31,Dewey
"",,,,,,017N ­ 016W,Lot/Trct 2,6,Dewey
"",,,,,,017N ­ 016W,SW1⁄4NE1⁄4,6,Dewey
MV­0700­048,"HOTCHKISS, AURORA",12/16/1907,2537,OK,Indian,017N ­ 011W,Lot/Trct 2,18,Blaine
87446,"HOTCHKISS, HAL G",11/4/1909,03164,OK,Indian,017N ­ 011W,Lot/Trct 3,7,Blaine
"",,,,,,017N ­ 011W,Lot/Trct 4,7,Blaine
"",,,,,,017N ­ 011W,Lot/Trct 1,18,Blaine
MV­0733­099,"HOUCK, WILLIAM A",2/17/1908,2741,OK,Indian,018N ­ 016W,E1⁄2SW1⁄4,13,Dewey
"",,,,,,018N ­ 016W,SW1⁄4SW1⁄4,13,Dewey
87441,"HOUSER, CHARLES E",11/4/1909,01139,OK,Indian,020N ­ 019W,Lot/Trct 4,31,"Dewey, Woodward"
"",,,,,,020N ­ 019W,Lot/Trct 5,31,"Dewey, Woodward"
118102,"HOWARD, ANDREW",3/14/1910,03049,OK,Indian,014N ­ 024W,SW1⁄4SE1⁄4,10,Roger Mills
"",,,,,,014N ­ 024W,NW1⁄4NE1⁄4,15,Roger Mills
MV­0770­406,"HOWARD, WILLIAM R",5/11/1908,2802,OK,Indian,006N ­ 004E,Lot/Trct 5,32,"Pontotoc, Pottawatomie"
"",,,,,,006N ­ 004E,NW1⁄4NE1⁄4,32,"Pontotoc, Pottawatomie"
OK0810__.200,"HOWELL, SILAS J",1/14/1903,2321,OK,Indian,028N ­ 003E,N1⁄2SE1⁄4,34,Kay
OK1260__.197,"HOYT, ARTHUR L",3/30/1904,2394,OK,Indian,014N ­ 004E,NW1⁄4,12,Lincoln
114134,"HOYT, MARTIN L",2/28/1910,03318,OK,Indian,019N ­ 019W,Lot/Trct 4,5,Dewey
"",,,,,,020N ­ 019W,Lot/Trct 5,32,"Dewey, Woodward"
"",,,,,,020N ­ 019W,Lot/Trct 6,32,"Dewey, Woodward"
OK0610__.320,"HUDSON, JAMES H",9/2/1902,2288,OK,Indian,014N ­ 003E,SW1⁄4,12,Lincoln
MV­0735­492,"HUFFMAN, JOHN R",2/17/1908,2775,OK,Indian,019N ­ 026W,W1⁄2SW1⁄4,35,Ellis
"",,,,,,019N ­ 026W,SE1⁄4SW1⁄4,35,Ellis
"",,,,,,019N ­ 026W,SW1⁄4SE1⁄4,35,Ellis
OK1770__.380,"HUGHES, JAMES A",6/30/1906,2543,OK,Indian,014N ­ 026W,SE1⁄4,5,Roger Mills
OK1170__.138,"HULS, JAMES A",9/24/1903,2363,OK,Indian,020N ­ 002E,NE1⁄4NW1⁄4,17,Payne
OK1260__.195,"HUMM, MICHAEL",3/30/1904,2392,OK,Indian,025N ­ 001W,Lot/Trct 3,6,Kay
"",,,,,,025N ­ 001W,Lot/Trct 4,6,Kay
"",,,,,,025N ­ 001W,Lot/Trct 5,6,Kay
OK1690__.487,"HUNICK, BERT W",5/23/1906,2487,OK,Indian,009N ­ 005E,SE1⁄4,5,Pottawatomie
MV­0624­302,"HUTCHINSON, ISAAC D",8/2/1907,2652,OK,Indian,018N ­ 012W,N1⁄2SE1⁄4,24,Blaine
OK0610__.323,"INGRAM, WILLIAM H",9/2/1902,2294,OK,Indian,014N ­ 005E,W1⁄2NW1⁄4,33,Lincoln
OK1260__.488,"JAMISON, FRANCIS V",6/8/1904,2397,OK,Indian,018N ­ 003E,E1⁄2SW1⁄4,23,Payne
OK0610__.391,"JEFFERSON, ISAAC",11/14/1902,2300,OK,Indian,017N ­ 001E,Lot/Trct 3,31,Logan
"",,,,,,017N ­ 001E,Lot/Trct 4,31,Logan
OK1510__.009,"JOHNSON, ARTHUR F",3/14/1905,2414,OK,Indian,012N ­ 004E,S1⁄2SE1⁄4,13,Lincoln
MV­0611­154,"JOHNSON, ARTHUR N",5/24/1907,2643,OK,Indian,008N ­ 002E,Lot/Trct 4,2,Pottawatomie
OK1550__.161,"JOHNSON, MELVIN",6/30/1905,2450,OK,Indian,021N ­ 002E,Lot/Trct 1,30,Noble
"",,,,,,021N ­ 002E,Lot/Trct 2,30,Noble
125783,"JOHNSON, SAMUEL C",4/18/1910,03248,OK,Indian,019N ­ 023W,Lot/Trct 1,19,Ellis
"",,,,,,019N ­ 023W,Lot/Trct 2,19,Ellis
"",,,,,,019N ­ 023W,E1⁄2NW1⁄4,19,Ellis
OK0610__.371,"JONES, CLAUDE R",10/10/1902,2298,OK,Indian,016N ­ 003W,NE1⁄4,35,Logan
OK,Indian,019N ­ 025W,NE1⁄4SW1⁄4,2,Ellis,,,,
"",,,,,,019N ­ 025W,W1⁄2SW1⁄4,2,Ellis
"",,,,,,019N ­ 025W,NW1⁄4NW1⁄4,11,Ellis
MV­0704­100,"JONES, HENRY J",12/26/1907,2719,OK,Indian,016N ­ 023W,SW1⁄4NW1⁄4,12,Ellis
"",,,,,,016N ­ 023W,NW1⁄4SW1⁄4,12,Ellis
"",,,,,,016N ­ 023W,SE1⁄4NE1⁄4,11,Ellis
"",,,,,,016N ­ 023W,NE1⁄4SE1⁄4,11,Ellis
MV­0704­082,"JONES, JOSEPH E",12/26/1907,2695,OK,Indian,017N ­ 023W,NE1⁄4NE1⁄4,33,Ellis
51955,"JONES, LUTTIE B",3/15/1909,0240,OK,Indian,026N ­ 001E,SW1⁄4,11,Kay
70533,"JORDAN, ROSCOE A",7/6/1909,0924,OK,Indian,016N ­ 014W,NE1⁄4SW1⁄4,23,Dewey
MV­0735­483,"JORDAN, WALTER G",2/17/1908,2766,OK,Indian,015N ­ 018W,Lot/Trct 3,18,Custer
87434,"JOY, CHARLES I",11/4/1909,01016,OK,Indian,018N ­ 018W,S1⁄2SW1⁄4,2,Dewey
"",,,,,,018N ­ 018W,SE1⁄4SE1⁄4,3,Dewey
OK1530__.176,"KAATZ, EARNEST",4/5/1905,2435,OK,Indian,021N ­ 007E,NE1⁄4,7,Pawnee
MV­0611­149,"KEARNS, THOMAS W",5/24/1907,2638,OK,Indian,019N ­ 024W,NE1⁄4,28,Ellis
OK1530__.003,"KEELER, FREDRICK W",3/29/1905,2423,OK,Indian,009N ­ 005E,N1⁄2SE1⁄4,30,Pottawatomie
136084,"KEENAN, SHERMAN S",6/13/1910,03230,OK,Indian,018N ­ 022W,SW1⁄4,34,Ellis
54500,"KEENE, MARION G",4/1/1909,0495,OK,Indian,015N ­ 023W,E1⁄2SE1⁄4,26,Roger Mills
"",,,,,,015N ­ 023W,SW1⁄4SE1⁄4,26,Roger Mills
MV­0735­486,"KELLERMAN, FRED",2/17/1908,2769,OK,Indian,019N ­ 025W,SE1⁄4,32,Ellis
70529,"KELLOG, FRED E",7/6/1909,0759,OK,Indian,016N ­ 018W,Lot/Trct 1,4,Dewey
"",,,,,,016N ­ 018W,Lot/Trct 2,4,Dewey
"",,,,,,016N ­ 018W,Lot/Trct 4,3,Dewey
"",,,,,,016N ­ 018W,SW1⁄4NW1⁄4,3,Dewey
OK1690__.392,"KELLY, ELLA J",3/28/1906,2472,OK,Indian,021N ­ 008E,W1⁄2NW1⁄4,26,"Osage, Pawnee"
97418,"KELLY, ROY",12/20/1909,03055,OK,Indian,019N ­ 022W,SW1⁄4,4,Ellis
MV­0624­304,"KERFOOT, WILLIAM F",8/2/1907,2654,OK,Indian,015N ­ 021W,NE1⁄4,18,
97419,"KIMZEY, JAMES A",12/20/1909,03118,OK,Indian,014N ­ 022W,NE1⁄4NE1⁄4,18,Roger Mills
OK1770__.339,"KING, EDGAR C",6/30/1906,2496,OK,Indian,014N ­ 020W,SE1⁄4,24,Custer
97402,"KINZER, DICIE A",12/20/1909,02513,OK,Indian,016N ­ 026W,NW1⁄4NE1⁄4,23,Roger Mills
97399,"KITCHEN, ELROY R",12/20/1909,02446,OK,Indian,027N ­ 008W,SE1⁄4,8,Grant
30161,"KLEPINGER, HARVEY H",11/16/1908,2762,OK,Indian,018N ­ 024W,NW1⁄4NE1⁄4,33,Ellis
OK0810__.215,"KOLB, FRED",1/14/1903,2310,OK,Indian,018N ­ 004E,"NW1⁄4, Lot/Trct 1",23,Payne
"",,,,,,018N ­ 004E,"NW1⁄4, Lot/Trct 2",23,Payne
OK1770__.383,"KOUNS, BEN E",6/30/1906,2546,OK,Indian,017N ­ 016W,NW1⁄4,8,Dewey
OK0810__.203,"KRATER, CHARLES E",1/14/1903,2324,OK,Indian,017N ­ 004E,E1⁄2SW1⁄4,32,Lincoln
OK1260__.017,"KUHLMAN, JOHN A",2/12/1904,2382,OK,Indian,020N ­ 002W,E1⁄2NE1⁄4,23,Noble
147847,"LACEY, EDWARD",8/4/1910,02744,OK,Indian,016N ­ 023W,E1⁄2SW1⁄4,25,Roger Mills
"",,,,,,016N ­ 023W,SW1⁄4SW1⁄4,25,Roger Mills
27998,"LADD, JOHN F",11/9/1908,2834,OK,Indian,017N ­ 018W,NW1⁄4NE1⁄4,11,Dewey
54492,"LAING, HERBERT H",4/1/1909,0385,OK,Indian,018N ­ 017W,NW1⁄4,8,Dewey
OK0810__.207,"LAMBERT, LEROY J",1/14/1903,2328,OK,Indian,028N ­ 001E,SW1⁄4,2,Kay
OK1880__.274,"LANDON, GEORGE W",5/15/1907,2598,OK,Indian,019N ­ 023W,SW1⁄4,14,Ellis
MV­0704­095,"LANEY, GEORGE W",12/26/1907,2713,OK,Indian,016N ­ 023W,SW1⁄4SW1⁄4,1,Ellis
"",,,,,,016N ­ 023W,SE1⁄4SE1⁄4,2,Ellis
"",,,,,,016N ­ 023W,NE1⁄4NE1⁄4,11,Ellis
"",,,,,,016N ­ 023W,NW1⁄4NW1⁄4,12,Ellis
OK1550__.162,"LANGHART, WILLIAM U",6/30/1905,2449,OK,Indian,008N ­ 002E,SW1⁄4NE1⁄4,23,Pottawatomie
OK1880__.294,"LAUB, ANDREW",5/15/1907,2621,OK,Indian,014N ­ 008W,SW1⁄4,1,Canadian
114126,"LAYMAN, JESSE O",2/28/1910,02982,OK,Indian,014N ­ 022W,NW1⁄4SW1⁄4,27,Roger Mills
"",,014N ­ 022W,SW1⁄4NW1⁄4,27,Roger Mills,,,,
55832,"LEEWRIGHT, WILLIAM L",4/14/1909,0167,OK,Indian,010N ­ 004E,Lot/Trct 3,12,Pottawatomie
"",,,,,,010N ­ 004E,Lot/Trct 4,12,Pottawatomie
OK1260__.194,"LEFFORGE, FLETCHER M",3/30/1904,2391,OK,Indian,027N ­ 001E,SE1⁄4,18,Kay
51948,"LEMLEY, MARGARET JOSEPHINE",3/15/1909,088,OK,Indian,019N ­ 024W,N1⁄2SW1⁄4,4,Ellis
OK1400__.420,"LESTER, JAMES M",11/17/1905,2458,OK,Indian,024N ­ 008W,SE1⁄4,10,Garfield
OK1550__.164,"LEWIS, AUSTIN B",6/30/1905,2447,OK,Indian,010N ­ 003E,NE1⁄4,33,Pottawatomie
MV­0678­105,"LEWIS, JOHN M",10/30/1907,2684,OK,Indian,015N ­ 023W,N1⁄2NE1⁄4,20,Roger Mills
"",,,,,,015N ­ 023W,SE1⁄4NE1⁄4,20,Roger Mills
OK0860__.472,"LILLY, JOEL W",5/2/1903,2358,OK,Indian,015N ­ 005E,E1⁄2NE1⁄4,35,Lincoln
OK0540__.435,"LINIHAN, RICHARD",12/12/1901,2277,OK,Indian,014N ­ 006E,S1⁄2NE1⁄4,23,Lincoln
MV­0678­107,"LOGANBILL, MOLLIE",10/30/1907,2686,OK,Indian,014N ­ 007W,Lot/Trct 5,33,Canadian
"",,,,,,014N ­ 007W,Lot/Trct 6,33,Canadian
MV­0611­159,"LONDON, JAMES R",5/24/1907,2648,OK,Indian,017N ­ 024W,NE1⁄4SE1⁄4,32,"Ellis, Roger Mills"
"",,,,,,017N ­ 024W,NW1⁄4SW1⁄4,33,Ellis
OK1880__.275,"LONDON, WILLIAM L",5/15/1907,2600,OK,Indian,016N ­ 024W,W1⁄2NE1⁄4,10,"Ellis, Roger Mills"
"",,,,,,016N ­ 024W,NE1⁄4NW1⁄4,10,"Ellis, Roger Mills"
"",,,,,,016N ­ 024W,SE1⁄4SW1⁄4,3,Ellis
OK1880__.182,"LONG, JOHN F",4/16/1907,2592,OK,Indian,017N ­ 023W,W1⁄2SE1⁄4,28,Ellis
"",,,,,,017N ­ 023W,E1⁄2SW1⁄4,28,Ellis
OK1770__.340,"LOPP, WALTER R",6/30/1906,2497,OK,Indian,013N ­ 001W,Lot/Trct 4,21,Oklahoma
"",,,,,,013N ­ 001W,Lot/Trct 5,21,Oklahoma
OK1540__.044,"LOVE, MARY B",5/12/1905,2428,OK,Indian,021N ­ 008E,N1⁄2NE1⁄4,28,Pawnee
MV­0611­146,"LOVELADY, ALLEN B",5/24/1907,2635,OK,Indian,014N ­ 026W,NE1⁄4,33,Roger Mills
OK1880__.153,"LOVELADY, SUSIE E",4/16/1907,2562,OK,Indian,014N ­ 026W,Lot/Trct 3,4,Roger Mills
"",,,,,,014N ­ 026W,Lot/Trct 4,4,Roger Mills
"",,,,,,014N ­ 026W,S1⁄2NW1⁄4,4,Roger Mills
OK1770__.354,"LUPER, WILLIAM A",6/30/1906,2514,OK,Indian,014N ­ 021W,NE1⁄4NW1⁄4,29,Roger Mills
"",,,,,,014N ­ 021W,W1⁄2NW1⁄4,29,Roger Mills
"",,,,,,014N ­ 021W,NW1⁄4SW1⁄4,29,Roger Mills
OK1770__.434,"MACKENZIE, WILLIAM A",6/30/1906,2540,OK,Indian,007N ­ 002E,NE1⁄4NW1⁄4,13,Pottawatomie
MV­0704­089,"MADDEN, PERRY",12/26/1907,2706,OK,Indian,015N ­ 024W,NE1⁄4SE1⁄4,3,Roger Mills
"",,,,,,015N ­ 024W,S1⁄2SE1⁄4,3,Roger Mills
"",,,,,,015N ­ 024W,SE1⁄4SW1⁄4,3,Roger Mills
OK0540__.469,"MADDOX, ELIZABETH A",12/20/1901,2279,OK,Indian,017N ­ 004E,SE1⁄4,32,Lincoln
136083,"MALCOM, CLINT B",6/13/1910,03013,OK,Indian,019N ­ 022W,SW1⁄4,24,Ellis
OK1380__.030,"MALERNEE, JAMES S",10/10/1904,2402,OK,Indian,016N ­ 004E,SW1⁄4,8,Lincoln
OK0610__.329,"MARTIN, DAN J",9/2/1902,2308,OK,Indian,016N ­ 003E,SE1⁄4,5,Lincoln
87444,"MARTIN, JAMES G",11/4/1909,01157,OK,Indian,019N ­ 019W,Lot/Trct 3,19,Dewey
"",,,,,,019N ­ 019W,Lot/Trct 4,19,Dewey
"",,,,,,019N ­ 019W,E1⁄2SW1⁄4,19,Dewey
OK1770__.357,"MASSEY, ED",6/30/1906,2518,OK,Indian,017N ­ 025W,W1⁄2SE1⁄4,22,Roger Mills
"",,,,,,017N ­ 025W,NW1⁄4NE1⁄4,27,Roger Mills
OK1540__.118,"MASTEN, LEWIS A",6/30/1905,1333,OK,Indian,014N ­ 004E,SE1⁄4,35,Lincoln
OK1540__.248,"MASTEN, LEWIS A",6/30/1905,1333,OK,Indian,014N ­ 004E,SE1⁄4,35,Lincoln
MV­0611­144,"MATHER, OVANDA J",5/24/1907,2632,OK,Indian,015N ­ 025W,Lot/Trct 3,7,Roger Mills
"",,,,,,015N ­ 025W,Lot/Trct 4,7,Roger Mills
"",,,,,,015N ­ 025W,E1⁄2SW1⁄4,7,Roger Mills
114130,"MATHEWS, ARCHIE O",2/28/1910,03142,OK,Indian,017N ­ 015W,NE1⁄4SE1⁄4,35,Dewey
OK1770__.376,"MATHEWS, THOMAS",6/30/1906,2539,OK,Indian,014N ­ 026W,NE1⁄4,15,Roger Mills
OK,Indian,028N ­ 002E,Lot/Trct 3,7,Kay,,,,
"",,,,,,028N ­ 002E,Lot/Trct 4,7,Kay
"",,,,,,028N ­ 002E,E1⁄2SW1⁄4,7,Kay
OK1400__.396,"MAVETY, RACHAEL,SMITH, RACHAEL",11/13/1905,2456,OK,Indian,009N ­ 004E,SE1⁄4SW1⁄4,3,Pottawatomie
OK0610__.325,"MAY, ANTHONY M",9/2/1902,2304,OK,Indian,014N ­ 006E,S1⁄2NE1⁄4,5,Lincoln
MV­0750­289,"MCCALL, BELLE",3/23/1908,2778,OK,Indian,015N ­ 025W,S1⁄2NW1⁄4,33,Roger Mills
"",,,,,,015N ­ 025W,N1⁄2SW1⁄4,33,Roger Mills
OK1720__.343,"MCCALL, JAMES W",5/1/1906,2480,OK,Indian,011N ­ 002E,Lot/Trct 8,24,Pottawatomie
34788,"MCCALLA, CHARLES H",12/14/1908,2851,OK,Indian,017N ­ 014W,E1⁄2NE1⁄4,19,Dewey
51080,"MCCARTER, JESSE R",3/11/1909,070,OK,Indian,018N ­ 024W,NW1⁄4SW1⁄4,21,Ellis
114133,"MCCARTY, WILEY J",2/28/1910,03314,OK,Indian,015N ­ 023W,SE1⁄4,24,Roger Mills
OK0860__.460,"MCCLARREAN, JOHN B",5/2/1903,2344,OK,Indian,016N ­ 002E,Lot/Trct 3,1,Lincoln
"",,,,,,016N ­ 002E,Lot/Trct 4,1,Lincoln
22616,"MCCOY, CHARLES W",10/15/1908,2831,OK,Indian,019N ­ 022W,SW1⁄4,11,Ellis
MV­0735­467,"MCCOY, HARVEY LEWIS",2/17/1908,2749,OK,Indian,017N ­ 019W,N1⁄2SW1⁄4,26,Dewey
"",,,,,,017N ­ 019W,SW1⁄4SW1⁄4,26,Dewey
"",,,,,,017N ­ 019W,SE1⁄4SE1⁄4,27,Dewey
OK0810__.194,"MCCOY, WILLIAM C",1/14/1903,2314,OK,Indian,017N ­ 006E,Lot/Trct 1,13,Payne
"",,,,,,017N ­ 006E,Lot/Trct 2,13,Payne
"",,,,,,017N ­ 006E,Lot/Trct 3,13,Payne
OK0810__.266,"MCCOY, WILLIAM C",1/14/1903,2314,OK,Indian,017N ­ 006E,Lot/Trct 1,13,Payne
"",,,,,,017N ­ 006E,Lot/Trct 2,13,Payne
"",,,,,,017N ­ 006E,Lot/Trct 3,13,Payne
OK1270__.012,"MCCRAY, EMMA",3/8/1904,2388,OK,Indian,028N ­ 001W,S1⁄2NE1⁄4,10,Kay
OK1380__.028,"MCDANIEL, JAMES F",10/10/1904,2400,OK,Indian,014N ­ 006E,N1⁄2SE1⁄4,6,Lincoln
OK1880__.298,"MCDANIEL, LEMUEL E",5/15/1907,2625,OK,Indian,019N ­ 017W,S1⁄2NW1⁄4,33,Dewey
"",,,,,,019N ­ 017W,N1⁄2SW1⁄4,33,Dewey
OK1880__.144,"MCFARLANE, WILLIAM A",4/16/1907,2552,OK,Indian,015N ­ 023W,Lot/Trct 1,18,Roger Mills
"",,,,,,015N ­ 023W,Lot/Trct 2,18,Roger Mills
"",,,,,,015N ­ 023W,E1⁄2NW1⁄4,18,Roger Mills
28006,"MCGAFFIN, SARAH G,MCGAFFIN, THOMAS",11/9/1908,2843,OK,Indian,016N ­ 025W,NW1⁄4,12,Roger Mills
28007,"MCGAFFIN, SARAH G",11/9/1908,2844,OK,Indian,016N ­ 025W,S1⁄2SW1⁄4,12,Roger Mills
"",,,,,,016N ­ 025W,S1⁄2SE1⁄4,12,Roger Mills
OK1400__.399,"MCKEEVER, HORACE G",11/13/1905,2462,OK,Indian,024N ­ 007W,NE1⁄4,11,Garfield
OK0810__.214,"MCKENNEY, DANIEL",1/14/1903,1672,OK,Indian,015N ­ 001E,"NW1⁄4, Lot/Trct 1",19,Logan
"",,,,,,015N ­ 001E,"NW1⁄4, Lot/Trct 2",19,Logan
OK1770__.377,"MCKENZIE, WILLIAM A",6/30/1906,2540,OK,Indian,007N ­ 002E,NE1⁄4NW1⁄4,13,Pottawatomie
114132,"MCKNIGHT, WILLIAM H",2/28/1910,03188,OK,Indian,016N ­ 025W,S1⁄2NE1⁄4,33,Roger Mills
"",,,,,,016N ­ 025W,N1⁄2SE1⁄4,33,Roger Mills
OK1510__.002,"MCLAIN, BURNS L",3/14/1905,2406,OK,Indian,016N ­ 003W,SW1⁄4,25,Logan
OK1510__.010,"MCLAIN, HUGH W",3/14/1905,2415,OK,Indian,008N ­ 004E,S1⁄2SW1⁄4,21,Pottawatomie
"",,,,,,008N ­ 004E,N1⁄2NW1⁄4,28,Pottawatomie
10757,"MCLAUGHLIN, JOHN L",9/1/1908,2818,OK,Indian,009N ­ 003W,Lot/Trct 6,7,"Cleveland, Mcclain"
"",,,,,,009N ­ 003W,SE1⁄4NE1⁄4,7,"Cleveland, Mcclain"
OK0810__.211,"MCMANUS, RICHARD OWEN",1/14/1903,2331,OK,Indian,014N ­ 006E,S1⁄2NE1⁄4,17,Lincoln
OK0610__.292,"MCNEAL, JOSEPH W",8/20/1902,2287,OK,Indian,017N ­ 002E,NE1⁄4,13,Payne
97420,"MCNEELY, ELMER G",12/20/1909,03161,OK,Indian,018N ­ 025W,Lot/Trct 2,31,Ellis
"",,018N ­ 025W,Lot/Trct 3,31,Ellis,,,,
"",,018N ­ 025W,SE1⁄4NW1⁄4,31,Ellis,,,,
"",,018N ­ 025W,NE1⁄4SW1⁄4,31,Ellis,,,,
MV­0770­403,"MEEKS, DAVID",5/11/1908,2799,OK,Indian,026N ­ 006W,Lot/Trct 2,27,Grant
OK1400__.402,"MERCER, MABEL I",11/13/1905,2466,OK,Indian,020N ­ 003W,S1⁄2SE1⁄4,10,Garfield
MV­0704­101,"MERRITT, JOSEPH H",12/26/1907,2720,OK,Indian,015N ­ 024W,NW1⁄4SE1⁄4,4,Roger Mills
OK1270__.013,"MESSNER, JAMES S",3/8/1904,2389,OK,Indian,014N ­ 003E,NE1⁄4,7,Lincoln
114125,"METCALF, JOSEPH P",2/28/1910,02903,OK,Indian,014N ­ 019W,E1⁄2NE1⁄4,25,Custer
MV­0733­091,"MILLER, ADOLPH",2/17/1908,2732,OK,Indian,015N ­ 024W,SW1⁄4NW1⁄4,25,Roger Mills
"",,,,,,015N ­ 024W,N1⁄2NE1⁄4,26,Roger Mills
"",,,,,,015N ­ 024W,SE1⁄4NE1⁄4,26,Roger Mills
MV­0704­090,"MILLER, AUSTIN J",12/26/1907,2707,OK,Indian,016N ­ 019W,S1⁄2NE1⁄4,15,Dewey
"",,,,,,016N ­ 019W,S1⁄2NW1⁄4,15,Dewey
22614,"MILLER, ELMER",10/15/1908,2829,OK,Indian,019N ­ 022W,E1⁄2NE1⁄4,14,Ellis
"",,,,,,019N ­ 022W,E1⁄2SE1⁄4,14,Ellis
OK1880__.047,"MILLER, NOAH A",3/29/1907,2483,OK,Indian,021N ­ 008E,E1⁄2NE1⁄4,27,Pawnee
OK1880__.303,"MILLS, SAMUEL",5/15/1907,2630,OK,Indian,015N ­ 026W,N1⁄2SE1⁄4,33,Roger Mills
"",,,,,,015N ­ 026W,N1⁄2SW1⁄4,34,Roger Mills
MV­0678­115,"MINER, MARY A",10/30/1907,2694,OK,Indian,016N ­ 025W,SW1⁄4SE1⁄4,17,Roger Mills
OK1880__.155,"MINGUS, WILLIAM C",4/16/1907,2564,OK,Indian,014N ­ 021W,E1⁄2NE1⁄4,35,Roger Mills
MV­0677­117,"MITCHELL, ELZA L",10/26/1907,2675,OK,Indian,018N ­ 024W,Lot/Trct 3,19,Ellis
"",,,,,,018N ­ 024W,Lot/Trct 4,19,Ellis
"",,,,,,018N ­ 024W,Lot/Trct 1,30,Ellis
"",,,,,,018N ­ 024W,Lot/Trct 2,30,Ellis
MV­0668­013,"MITCHELL, GRACIA WHITE,WHITE, GRACIA",10/7/1907,2588,OK,Indian,016N ­ 026W,Lot/Trct 1,9,Roger Mills
"",,,,,,016N ­ 026W,Lot/Trct 1,8,"Ellis, Roger Mills"
"",,,,,,016N ­ 026W,Lot/Trct 2,8,"Ellis, Roger Mills"
"",,,,,,016N ­ 026W,SE1⁄4NE1⁄4,8,"Ellis, Roger Mills"
OK1880__.272,"MITCHELL, LANCE W",5/15/1907,2373,OK,Indian,016N ­ 005E,E1⁄2NW1⁄4,20,Lincoln
28004,"MIZELL, WILLIAM T",11/9/1908,2841,OK,Indian,019N ­ 024W,SE1⁄4,12,Ellis
30164,"MOFFITT, CHARLIE G",11/16/1908,2848,OK,Indian,016N ­ 015W,Lot/Trct 5,4,Dewey
"",,,,,,016N ­ 015W,Lot/Trct 6,4,Dewey
MV­0677­110,"MOHLING, CAROLINE D",10/26/1907,2669,OK,Indian,015N ­ 020W,E1⁄2NE1⁄4,12,Custer
MV­0796­174,"MONROE, JOHN",6/29/1908,2804,OK,Indian,014N ­ 023W,NW1⁄4NE1⁄4,10,Roger Mills
"",,,,,,014N ­ 023W,W1⁄2SE1⁄4,3,Roger Mills
"",,,,,,014N ­ 023W,SW1⁄4NE1⁄4,3,Roger Mills
MV­0611­155,"MONTGOMERY, JAMES E",5/24/1907,2644,OK,Indian,007N ­ 004E,Lot/Trct 6,6,Pottawatomie
"",,,,,,007N ­ 004E,NE1⁄4SW1⁄4,6,Pottawatomie
OK0810__.213,"MOORE, WILLIAM",1/14/1903,2333,OK,Indian,028N ­ 001W,S1⁄2NE1⁄4,31,Kay
OK1880__.293,"MOORHEAD, ANNIE",5/15/1907,2620,OK,Indian,019N ­ 025W,W1⁄2SE1⁄4,23,Ellis
"",,,,,,019N ­ 025W,SW1⁄4NE1⁄4,23,Ellis
"",,,,,,019N ­ 025W,NW1⁄4NE1⁄4,26,Ellis
118101,"MOOTS, JOHN O",3/14/1910,03025,OK,Indian,018N ­ 026W,SE1⁄4NE1⁄4,33,Ellis
"",,,,,,018N ­ 026W,E1⁄2SE1⁄4,33,Ellis
"",,,,,,018N ­ 026W,SW1⁄4SE1⁄4,33,Ellis
OK0810__.201,"MORHAIN, MICHAEL",1/14/1903,2322,OK,Indian,022N ­ 007E,Lot/Trct 1,30,Pawnee
"",,,,,,022N ­ 007E,NE1⁄4NW1⁄4,30,Pawnee
OK0610__.013,"MORRIS, ANDREW J",3/17/1902,2282,OK,Indian,014N ­ 006E,Lot/Trct 1,31,Lincoln
"",,014N ­ 006E,Lot/Trct 2,31,Lincoln,,,,
"",,014N ­ 006E,E1⁄2NW1⁄4,31,Lincoln,,,,
"",,014N ­ 006E,Lot/Trct 1,32,Lincoln,,,,
"",,014N ­ 006E,Lot/Trct 2,32,Lincoln,,,,
OK,Indian,014N ­ 006E,Lot/Trct 1,31,Lincoln,,,,
"",,,,,,014N ­ 006E,Lot/Trct 2,31,Lincoln
"",,,,,,014N ­ 006E,E1⁄2NW1⁄4,31,Lincoln
OK1770__.337,"MORRIS, WILLIAM C",6/30/1906,2494,OK,Indian,014N ­ 025W,NE1⁄4,33,Roger Mills
MV­0750­287,"MOSELEY, THOMAS J",3/23/1908,2776,OK,Indian,017N ­ 022W,W1⁄2SE1⁄4,32,Ellis
"",,,,,,017N ­ 022W,NE1⁄4SW1⁄4,32,Ellis
OK1770__.350,"MOSHER, FRANCIS L",6/30/1906,2508,OK,Indian,016N ­ 015W,SW1⁄4SE1⁄4,35,Dewey
OK1170__.142,"MOSIER, BARNEY",9/24/1903,2368,OK,Indian,021N ­ 002W,SW1⁄4,8,Noble
131014,"MOTT, CHESTER R",5/19/1910,03313,OK,Indian,019N ­ 023W,NE1⁄4,29,Ellis
OK1530__.005,"MURPHY, D LACY",3/29/1905,2425,OK,Indian,021N ­ 008E,W1⁄2NE1⁄4,20,Pawnee
MV­0678­106,"MURRAY, MARTIN",10/30/1907,2685,OK,Indian,017N ­ 024W,E1⁄2NE1⁄4,32,"Ellis, Roger Mills"
"",,,,,,017N ­ 024W,NW1⁄4NE1⁄4,32,"Ellis, Roger Mills"
"",,,,,,017N ­ 024W,NE1⁄4NW1⁄4,32,"Ellis, Roger Mills"
70528,"MYERS, ARLEY D",7/6/1909,0732,OK,Indian,019N ­ 020W,SE1⁄4,34,Dewey
MV­0611­160,"NEHER, JESSE E",5/24/1907,2649,OK,Indian,019N ­ 022W,Lot/Trct 1,18,Ellis
"",,,,,,019N ­ 022W,Lot/Trct 2,18,Ellis
"",,,,,,019N ­ 022W,E1⁄2NW1⁄4,18,Ellis
147845,"NEWBY, LOURA B",8/4/1910,02346,OK,Indian,014N ­ 026W,E1⁄2NE1⁄4,30,Roger Mills
"",,,,,,014N ­ 026W,E1⁄2SE1⁄4,30,Roger Mills
136080,"NEWBY, ROSS E",6/13/1910,02753,OK,Indian,014N ­ 026W,SE1⁄4,12,Roger Mills
54497,"NEWELL, FRANCIS W",4/1/1909,0468,OK,Indian,017N ­ 025W,SE1⁄4NW1⁄4,24,Roger Mills
"",,,,,,017N ­ 025W,NE1⁄4SW1⁄4,24,Roger Mills
OK1880__.164,"NEWMAN, JOHN",4/16/1907,2575,OK,Indian,015N ­ 019W,NE1⁄4SW1⁄4,7,Custer
87443,"NEWTON, WILLIAM O",11/4/1909,01155,OK,Indian,017N ­ 022W,E1⁄2NW1⁄4,35,Roger Mills
"",,,,,,017N ­ 022W,SW1⁄4NW1⁄4,35,Roger Mills
"",,,,,,017N ­ 022W,NE1⁄4SW1⁄4,35,Roger Mills
10754,"NICHOLLS, JOSHUA S",9/1/1908,2815,OK,Indian,016N ­ 026W,SW1⁄4SE1⁄4,22,Roger Mills
OK1170__.136,"NICHOLSON, FRANK R",9/24/1903,2361,OK,Indian,016N ­ 002E,"NW1⁄4, Lot/Trct 1",18,Lincoln
87442,"NICHOLSON, WILLARD O",11/4/1909,01146,OK,Indian,017N ­ 023W,SW1⁄4,4,Ellis
OK0860__.466,"NIESWANDER, LEE D",5/2/1903,2351,OK,Indian,021N ­ 002W,SE1⁄4,25,Noble
OK0810__.196,"NIETERT, MINNIE",1/14/1903,2316,OK,Indian,028N ­ 002E,SW1⁄4,12,Kay
MV­0704­092,"NISWONGER, CHARLES G",12/26/1907,2710,OK,Indian,019N ­ 023W,SE1⁄4,6,Ellis
MV­0641­471,"NOBLE, GEORGE T",8/27/1907,2614,OK,Indian,016N ­ 021W,N1⁄2NE1⁄4,20,Roger Mills
51079,"NULL, CHESTER A",3/11/1909,069,OK,Indian,018N ­ 024W,E1⁄2SE1⁄4,6,Ellis
"",,,,,,018N ­ 024W,SW1⁄4SE1⁄4,6,Ellis
"",,,,,,018N ­ 024W,SE1⁄4SW1⁄4,6,Ellis
OK1880__.282,"OAKS, CLARENCE A",5/15/1907,2607,OK,Indian,016N ­ 023W,N1⁄2SE1⁄4,29,Roger Mills
"",,,,,,016N ­ 023W,N1⁄2SW1⁄4,29,Roger Mills
MV­0770­405,"ODELL, CHARLES",5/11/1908,2801,OK,Indian,008N ­ 004E,S1⁄2NE1⁄4,17,Pottawatomie
MV­0735­484,"OLD, ROBERT E",2/17/1908,2767,OK,Indian,008N ­ 004E,W1⁄2SE1⁄4,12,Pottawatomie
28000,"OSBORN, HERMAN",11/9/1908,2836,OK,Indian,014N ­ 023W,SW1⁄4SW1⁄4,24,Roger Mills
97411,"OSBORN, JOHN A",12/20/1909,02869,OK,Indian,017N ­ 025W,NW1⁄4SE1⁄4,17,Roger Mills
"",,,,,,017N ­ 025W,NE1⁄4SW1⁄4,17,Roger Mills
OK1770__.379,"OVBLANDER, JACOB",6/30/1906,2542,OK,Indian,015N ­ 019W,NE1⁄4SW1⁄4,28,Custer
97413,"OWEN, ALBERT A",12/20/1909,02883,OK,Indian,016N ­ 024W,NW1⁄4NW1⁄4,34,Roger Mills
27992,"OWEN, SAMUEL C",11/9/1908,2784,OK,Indian,018N ­ 026W,S1⁄2NE1⁄4,2,Ellis
"",,,,,,018N ­ 026W,Lot/Trct 1,2,Ellis
"",,,,,,018N ­ 026W,Lot/Trct 2,2,Ellis
MV­0735­489,"OWENS, GEORGE B",2/17/1908,2772,OK,Indian,016N ­ 026W,SE1⁄4SE1⁄4,24,Roger Mills
OK,Indian,015N ­ 024W,NE1⁄4NE1⁄4,25,Roger Mills,,,,
"",,015N ­ 023W,Lot/Trct 1,30,Roger Mills,,,,
"",,,,,,015N ­ 023W,Lot/Trct 2,30,Roger Mills
OK1260__.019,"PAGE, JENNIE M",2/12/1904,2386,OK,Indian,017N ­ 002E,Lot/Trct 4,12,Payne
OK1510__.003,"PALM, FRANK A",3/14/1905,2407,OK,Indian,020N ­ 001E,N1⁄2NE1⁄4,15,Noble
OK1880__.168,"PAMETICKY, LEV",4/16/1907,2576,OK,Indian,018N ­ 016W,E1⁄2NE1⁄4,23,Dewey
"",,,,,,018N ­ 016W,SW1⁄4NE1⁄4,23,Dewey
"",,,,,,018N ­ 016W,NW1⁄4SE1⁄4,23,Dewey
MV­0658­028,"PARK, CLARENCE A",9/21/1907,2615,OK,Indian,017N ­ 017W,S1⁄2NE1⁄4,29,Dewey
"",,,,,,017N ­ 017W,SE1⁄4NW1⁄4,29,Dewey
"",,,,,,017N ­ 017W,NE1⁄4SW1⁄4,29,Dewey
30165,"PARK, HAZE",11/16/1908,2849,OK,Indian,017N ­ 015W,SW1⁄4NW1⁄4,20,Dewey
MV­0733­092,"PARK, JOHN R",2/17/1908,2733,OK,Indian,015N ­ 025W,S1⁄2NE1⁄4,32,Roger Mills
"",,,,,,015N ­ 025W,N1⁄2SE1⁄4,32,Roger Mills
MV­0704­088,"PARKER, FRANK A",12/26/1907,2705,OK,Indian,019N ­ 025W,NW1⁄4NW1⁄4,20,Ellis
MV­0611­145,"PATTERSON, MABEL,GARLOW, MABEL",5/24/1907,2633,OK,Indian,015N ­ 017W,NW1⁄4NE1⁄4,19,Custer
"",,,,,,015N ­ 017W,NE1⁄4NW1⁄4,19,Custer
OK0810__.198,"PAYNE, JOHN A",1/14/1903,2319,OK,Indian,027N ­ 001W,N1⁄2NW1⁄4,34,Kay
MV­0733­101,"PEASE, NICK D",2/17/1908,2743,OK,Indian,018N ­ 025W,E1⁄2NE1⁄4,34,Roger Mills
"",,,,,,018N ­ 025W,W1⁄2NW1⁄4,35,Roger Mills
MV­0735­475,"PEAVLER, CHARLES R",2/17/1908,2757,OK,Indian,018N ­ 025W,SE1⁄4SW1⁄4,2,Ellis
1189,"PEAVLER, DAVID M",7/6/1908,2809,OK,Indian,018N ­ 025W,SW1⁄4SE1⁄4,15,Ellis
22607,"PEER, DAVID W",10/15/1908,2735,OK,Indian,018N ­ 016W,E1⁄2SE1⁄4,32,Dewey
"",,,,,,018N ­ 016W,SE1⁄4NE1⁄4,32,Dewey
"",,,,,,018N ­ 016W,SW1⁄4NW1⁄4,33,Dewey
70507,"PEINDEXTER, WILLIAM T",7/6/1909,0147,OK,Indian,016N ­ 024W,SE1⁄4SW1⁄4,6,"Ellis, Roger Mills"
"",,,,,,016N ­ 024W,NE1⁄4NW1⁄4,7,Roger Mills
87440,"PENNER, AARON A",11/4/1909,01132,OK,Indian,018N ­ 012W,SW1⁄4,9,Blaine
MV­0735­470,"PENNIWELL, EMILY F",2/17/1908,2752,OK,Indian,019N ­ 023W,SW1⁄4,32,Ellis
124028,"PENNY, FRANK",4/7/1910,02843,OK,Indian,015N ­ 024W,NE1⁄4NW1⁄4,30,Roger Mills
97405,"PENNY, HENRY F",12/20/1909,02694,OK,Indian,015N ­ 024W,E1⁄2NE1⁄4,19,Roger Mills
OK1550__.163,"PEOPLES, ALFRED F",6/30/1905,2448,OK,Indian,020N ­ 008E,W1⁄2SW1⁄4,3,Pawnee
"",,,,,,020N ­ 008E,S1⁄2NW1⁄4,3,Pawnee
130997,"PERKINS, WILLIAM W",5/19/1910,0251,OK,Indian,015N ­ 026W,NW1⁄4SW1⁄4,24,Roger Mills
125782,"PERKINSON, SARA",4/18/1910,0911,OK,Indian,019N ­ 026W,NW1⁄4,11,Ellis
OK1880__.181,"PERRIN, ROBERT B",4/16/1907,2591,OK,Indian,016N ­ 021W,SW1⁄4NW1⁄4,27,Roger Mills
OK1530__.006,"PHARRIS, CAIN C",3/29/1905,2426,OK,Indian,013N ­ 006E,NW1⁄4,21,Lincoln
OK1770__.355,"PHELPS, WILLIAM J",6/30/1906,2516,OK,Indian,018N ­ 026W,Lot/Trct 3,2,Ellis
"",,,,,,018N ­ 026W,Lot/Trct 4,2,Ellis
"",,,,,,018N ­ 026W,S1⁄2NW1⁄4,2,Ellis
OK1380__.031,"PHRENDABLE, MARGARET",10/10/1904,2403,OK,Indian,023N ­ 002W,SW1⁄4,28,Noble
OK0420__.398,"PINKSTON, JAMES E",10/9/1901,2272,OK,Indian,015N ­ 006E,Lot/Trct 1,2,Lincoln
"",,,,,,015N ­ 006E,Lot/Trct 2,2,Lincoln
"",,,,,,015N ­ 006E,S1⁄2NE1⁄4,2,Lincoln
70508,"PLASTER, ARLIE I",7/6/1909,0414,OK,Indian,017N ­ 020W,S1⁄2NW1⁄4,17,Dewey
"",,,,,,017N ­ 020W,E1⁄2SW1⁄4,17,Dewey
OK1770__.344,"POPE, MARGARET E",6/30/1906,2502,OK,Indian,015N ­ 021W,NW1⁄4,34,
MV­0733­098,"POPHAM, WILLIAM E",2/17/1908,2740,OK,Indian,015N ­ 024W,S1⁄2NW1⁄4,28,Roger Mills
"",,015N ­ 024W,NW1⁄4NW1⁄4,28,Roger Mills,,,,
"",,015N ­ 024W,SW1⁄4SW1⁄4,21,Roger Mills,,,,
OK,Indian,018N ­ 023W,E1⁄2NE1⁄4,12,Ellis,,,,
"",,018N ­ 022W,Lot/Trct 2,7,Ellis,,,,
"",,,,,,018N ­ 022W,SE1⁄4NW1⁄4,7,Ellis
OK1880__.161,"PORTER, JOHN F",4/16/1907,2572,OK,Indian,016N ­ 024W,Lot/Trct 1,3,Ellis
"",,,,,,016N ­ 024W,SE1⁄4NE1⁄4,3,Ellis
OK0610__.047,"PORTER, PHILANDER L",3/29/1902,2283,OK,Indian,015N ­ 006E,SE1⁄4,31,Lincoln
87430,"POTTER, ISRAEL M",11/4/1909,0997,OK,Indian,019N ­ 019W,SW1⁄4SE1⁄4,31,Dewey
OK0810__.210,"POTTER, JABEZ S",1/14/1903,2330,OK,Indian,017N ­ 002E,NW1⁄4,29,Lincoln
87431,"POTTER, SIDNEY T",11/4/1909,0999,OK,Indian,016N ­ 025W,S1⁄2NE1⁄4,12,Roger Mills
OK1770__.335,"PREVARD, CHARLES S",6/30/1906,2492,OK,Indian,020N ­ 008W,E1⁄2SW1⁄4,27,Garfield
OK1880__.183,"PRINGLE, CAPTAIN F",4/16/1907,2594,OK,Indian,017N ­ 023W,N1⁄2NW1⁄4,14,Ellis
"",,,,,,017N ­ 023W,SW1⁄4NW1⁄4,14,Ellis
"",,,,,,017N ­ 023W,NE1⁄4NE1⁄4,15,Ellis
OK1330__.471,"PROWANT, NATHANIEL",8/3/1904,2398,OK,Indian,016N ­ 004E,SW1⁄4,12,Lincoln
147852,"PUGH, BEN",8/4/1910,03287,OK,Indian,017N ­ 017W,SW1⁄4SW1⁄4,29,Dewey
"",,,,,,017N ­ 017W,Lot/Trct 9,30,Dewey
"",,,,,,017N ­ 017W,Lot/Trct 8,31,Dewey
"",,,,,,017N ­ 017W,Lot/Trct 9,31,Dewey
"",,,,,,017N ­ 017W,Lot/Trct 10,31,Dewey
"",,,,,,017N ­ 017W,Lot/Trct 11,31,Dewey
87426,"PURVIS, ANTHONY L",11/4/1909,0899,OK,Indian,015N ­ 025W,SE1⁄4SE1⁄4,27,Roger Mills
"",,,,,,015N ­ 025W,E1⁄2NE1⁄4,34,Roger Mills
"",,,,,,015N ­ 025W,SW1⁄4NE1⁄4,34,Roger Mills
97416,"RAKES, EDDIAE S",12/20/1909,02969,OK,Indian,017N ­ 025W,Lot/Trct 2,19,"Ellis, Roger Mills"
"",,,,,,017N ­ 025W,S1⁄2NE1⁄4,24,Roger Mills
"",,,,,,017N ­ 026W,NE1⁄4NE1⁄4,24,Ellis
MV­0770­408,"RAMSEY, JOSEPH",5/11/1908,2805,OK,Indian,014N ­ 001E,Lot/Trct 2,2,Oklahoma
OK1550__.167,"RAU, JACOB H",6/30/1905,2445,OK,Indian,027N ­ 006W,SE1⁄4,28,Grant
MV­0735­481,"RAY, OSTIE",2/17/1908,2764,OK,Indian,015N ­ 026W,NW1⁄4NE1⁄4,24,Roger Mills
"",,,,,,015N ­ 026W,NE1⁄4NW1⁄4,24,Roger Mills
"",,,,,,015N ­ 026W,W1⁄2NW1⁄4,24,Roger Mills
114124,"RAYBERN, LOUIS F",2/28/1910,02317,OK,Indian,016N ­ 023W,Lot/Trct 3,27,Roger Mills
"",,,,,,016N ­ 023W,S1⁄2NW1⁄4,27,Roger Mills
"",,,,,,016N ­ 023W,NW1⁄4NW1⁄4,27,Roger Mills
MV­0658­027,"RAYBURN, ALONZO H",9/21/1907,2593,OK,Indian,019N ­ 025W,W1⁄2NW1⁄4,32,Ellis
OK1770__.341,"RAYBURN, WILLIAM C",6/30/1906,2498,OK,Indian,016N ­ 021W,E1⁄2NW1⁄4,23,Roger Mills
"",,,,,,016N ­ 021W,NE1⁄4SW1⁄4,23,Roger Mills
70510,"READ, JAMES T",7/6/1909,0479,OK,Indian,014N ­ 021W,NW1⁄4,28,Roger Mills
108000,"REDDICK, JOHN B",1/28/1910,03011,OK,Indian,018N ­ 026W,Lot/Trct 3,1,Ellis
"",,,,,,018N ­ 026W,Lot/Trct 4,1,Ellis
"",,,,,,018N ­ 026W,S1⁄2NW1⁄4,1,Ellis
OK1880__.174,"REDWINE, JOHN W",4/16/1907,2582,OK,Indian,014N ­ 024W,N1⁄2SE1⁄4,4,Roger Mills
30162,"REED, JAMES F",11/16/1908,2846,OK,Indian,015N ­ 025W,SE1⁄4,7,Roger Mills
MV­0668­012,"REED, WILLIAM",10/7/1907,2535,OK,Indian,018N ­ 025W,NE1⁄4,22,Ellis
MV­0742­306,"REES, DANIEL",3/2/1908,2703,OK,Indian,017N ­ 024W,SE1⁄4,1,Ellis
72163,"REEVES, JEREMIAH",7/15/1909,0457,OK,Indian,019N ­ 009W,Lot/Trct 2,17,Kingfisher
MV­0624­310,"REEVES, THOMAS F",8/2/1907,2660,OK,Indian,007N ­ 004E,E1⁄2NE1⁄4,7,Pottawatomie
70524,"REICHART, ADAM A",7/6/1909,0660,OK,Indian,018N ­ 017W,NE1⁄4,8,Dewey
136079,"REMER, JAMES",6/13/1910,02529,OK,Indian,019N ­ 020W,W1⁄2SE1⁄4,21,Dewey
"",,,,,,019N ­ 020W,E1⁄2SW1⁄4,21,Dewey
MV­0770­407,"RICHARDSON, JACOB M",5/11/1908,2803,OK,Indian,019N ­ 020W,E1⁄2NE1⁄4,17,Dewey
"",,019N ­ 020W,E1⁄2SE1⁄4,17,Dewey,,,,
54502,"RICHEY, THAMAR",4/1/1909,0506,OK,Indian,019N ­ 012W,N1⁄2SE1⁄4,23,Blaine
"",,,,,,019N ­ 012W,SE1⁄4SE1⁄4,23,Blaine
OK1880__.178,"RICKEL, WILLIAM C",4/16/1907,2586,OK,Indian,025N ­ 005W,Lot/Trct 7,1,Grant
"",,,,,,025N ­ 005W,Lot/Trct 1,12,Grant
"",,,,,,025N ­ 005W,Lot/Trct 2,12,Grant
OK1880__.156,"RILEY, JESSE A",4/16/1907,2565,OK,Indian,015N ­ 021W,S1⁄2NW1⁄4,22,
OK1660__.001,"RINEHART, MACK",9/26/1905,2443,OK,Indian,015N ­ 001E,Lot/Trct 2,3,Logan
"",,,,,,015N ­ 001E,Lot/Trct 3,3,Logan
90600,"RITTER, LEWIS L",11/22/1909,0942,OK,Indian,014N ­ 021W,Lot/Trct 4,31,Roger Mills
51073,"ROACH, MARION",3/11/1909,02,OK,Indian,016N ­ 026W,E1⁄2SW1⁄4,29,Roger Mills
MV­0750­300,"ROBB, JESSE",3/23/1908,2792,OK,Indian,016N ­ 015W,NW1⁄4,20,Dewey
OK1880__.280,"ROBB, WALTER J",5/15/1907,2605,OK,Indian,017N ­ 005W,Lot/Trct 3,19,Kingfisher
"",,,,,,017N ­ 005W,Lot/Trct 4,19,Kingfisher
"",,,,,,017N ­ 005W,E1⁄2SW1⁄4,19,Kingfisher
OK1200__.037,"ROBBINS, NATHAN",11/11/1903,2381,OK,Indian,025N ­ 002W,Lot/Trct 2,12,Kay
"",,,,,,025N ­ 002W,Lot/Trct 3,12,Kay
"",,,,,,025N ­ 002W,S1⁄2NW1⁄4,12,Kay
OK0610__.308,"ROBERSON, ALBERT",9/2/1902,1215,OK,Indian,014N ­ 002E,SW1⁄4,5,Lincoln
131000,"ROBERTS, JOHN W",5/19/1910,02638,OK,Indian,014N ­ 022W,SW1⁄4SE1⁄4,5,Roger Mills
"",,,,,,014N ­ 022W,SE1⁄4SW1⁄4,5,Roger Mills
OK1770__.368,"ROBERTS, JOHN W",6/30/1906,2529,OK,Indian,014N ­ 022W,SW1⁄4NW1⁄4,12,Roger Mills
51954,"ROBERTS, MABEL A,BEAVIN, MABEL A",3/15/1909,0231,OK,Indian,016N ­ 026W,S1⁄2SE1⁄4,2,Roger Mills
"",,,,,,016N ­ 026W,SE1⁄4SW1⁄4,2,Roger Mills
"",,,,,,016N ­ 026W,NE1⁄4NW1⁄4,11,Roger Mills
OK0870__.372,"ROBINSON, DAVID C",7/22/1903,2335,OK,Indian,018N ­ 004E,Lot/Trct 4,23,Payne
"",,,,,,018N ­ 004E,Lot/Trct 6,23,Payne
"",,,,,,018N ­ 004E,Lot/Trct 5,23,Payne
"",,,,,,018N ­ 004E,NE1⁄4,23,Payne
1185,"ROBINSON, LLOYD D",7/6/1908,2702,OK,Indian,016N ­ 023W,SW1⁄4,26,Roger Mills
OK1490__.218,"ROBINSON, SARAH",3/14/1905,2421,OK,Indian,010N ­ 003E,SW1⁄4SE1⁄4,26,Pottawatomi
23440,"ROGAN, PATRICK",10/19/1908,2808,OK,Indian,016N ­ 018W,NW1⁄4SW1⁄4,13,Dewey
OK0810__.208,"ROGERS, MARTIN W",1/14/1903,2329,OK,Indian,014N ­ 001E,W1⁄2SE1⁄4,7,Oklahoma
OK1170__.140,"ROONEY, LAURENCE H",9/24/1903,2366,OK,Indian,014N ­ 004E,SE1⁄4,5,Lincoln
131017,"ROSENHEIMER, WALTER",5/19/1910,03343,OK,Indian,016N ­ 025W,SE1⁄4NW1⁄4,8,Roger Mills
"",,,,,,016N ­ 025W,NE1⁄4SW1⁄4,8,Roger Mills
OK1550__.165,"ROSS, WILLIAM M",6/30/1905,2444,OK,Indian,005N ­ 004E,Lot/Trct 1,1,
87445,"RUDD, ALONZO E",11/4/1909,02784,OK,Indian,016N ­ 005W,Lot/Trct 1,11,Kingfisher
"",,,,,,016N ­ 005W,Lot/Trct 2,11,Kingfisher
OK1380__.032,"RUSH, TAYLOR D",10/10/1904,2404,OK,Indian,016N ­ 003E,S1⁄2SE1⁄4,15,Lincoln
MV­0759­289,"RYAN, JAMES",4/13/1908,2599,OK,Indian,019N ­ 023W,SE1⁄4,15,Ellis
OK1540__.045,"RYNE, HENRY W",5/12/1905,2438,OK,Indian,007N ­ 002E,N1⁄2SE1⁄4,29,Pottawatomi
MV­0678­108,"SADLER, DANIEL",10/30/1907,2687,OK,Indian,015N ­ 025W,W1⁄2SE1⁄4,3,Roger Mills
"",,,,,,015N ­ 025W,NW1⁄4NE1⁄4,10,Roger Mills
MV­0677­109,"SADLER, WILLIE A",10/26/1907,2668,OK,Indian,016N ­ 024W,SE1⁄4,19,Roger Mills
147850,"SALLEE, HARRY O",8/4/1910,03145,OK,Indian,016N ­ 012W,SW1⁄4SW1⁄4,25,Blaine
OK1770__.342,"SANDY, ANDREW J",6/30/1906,2499,OK,Indian,010N ­ 001W,NE1⁄4,29,Cleveland
OK1770__.351,"SANER, OLIVER M",6/30/1906,2509,OK,Indian,015N ­ 025W,NW1⁄4SW1⁄4,28,Roger Mills
MV­0750­302,"SCHMIDT, HENRY",3/23/1908,2794,OK,Indian,015N ­ 019W,E1⁄2SE1⁄4,8,Custer
OK,Indian,022N ­ 001W,Lot/Trct 3,4,Noble,,,,
"",,022N ­ 001W,Lot/Trct 4,4,Noble,,,,
"",,,,,,022N ­ 001W,S1⁄2NW1⁄4,4,Noble
70530,"SCHOEMAKER, MARY E",7/6/1909,0778,OK,Indian,016N ­ 016W,NW1⁄4NE1⁄4,13,Dewey
"",,,,,,016N ­ 016W,NE1⁄4NW1⁄4,13,Dewey
OK0860__.462,"SCHROEDER, CARL",5/2/1903,2346,OK,Indian,028N ­ 003E,Lot/Trct 1,6,Kay
"",,,,,,028N ­ 003E,Lot/Trct 2,6,Kay
"",,,,,,028N ­ 003E,S1⁄2NE1⁄4,6,Kay
OK1880__.289,"SCHUBER, DAVID",5/15/1907,2613,OK,Indian,018N ­ 012W,SW1⁄4,15,Blaine
OK1200__.033,"SCOBEE, LOUISA",11/11/1903,2377,OK,Indian,015N ­ 001W,Lot/Trct 1,19,Logan
"",,,,,,015N ­ 001W,NE1⁄4NW1⁄4,19,Logan
OK0610__.328,"SCOBEY, ELIJAH S",9/2/1902,2307,OK,Indian,016N ­ 001E,SE1⁄4SE1⁄4,3,Logan
1186,"SCOTT, JAMES H",7/6/1908,2704,OK,Indian,017N ­ 024W,SW1⁄4,15,Ellis
OK1880__.150,"SCOTT, JAMES N",4/16/1907,2558,OK,Indian,016N ­ 024W,SW1⁄4SW1⁄4,20,Roger Mills
OK1550__.166,"SCOTT, WILLIAM H",6/30/1905,2446,OK,Indian,012N ­ 002E,N1⁄2NE1⁄4,17,Lincoln
MV­0635­072,"SEASER, JEANETTIE M",8/20/1907,2634,OK,Indian,027N ­ 008W,SE1⁄4,28,Grant
OK1380__.029,"SEATON, AMOS A",10/10/1904,2401,OK,Indian,016N ­ 006E,SW1⁄4,34,Lincoln
OK1690__.492,"SEE, PRESS",5/23/1906,2490,OK,Indian,013N ­ 004E,SE1⁄4,6,Lincoln
108001,"SHANNON, JAMES D",1/28/1910,03163,OK,Indian,019N ­ 023W,Lot/Trct 4,4,Ellis
"",,,,,,019N ­ 023W,SW1⁄4NW1⁄4,4,Ellis
"",,,,,,019N ­ 023W,Lot/Trct 1,5,Ellis
"",,,,,,019N ­ 023W,SE1⁄4NE1⁄4,5,Ellis
MV­0733­095,"SHELDON, HANNAH E",2/17/1908,2737,OK,Indian,015N ­ 025W,Lot/Trct 2,31,Roger Mills
OK1260__.196,"SHELTON, CHARLES N",3/30/1904,2393,OK,Indian,017N ­ 003E,W1⁄2SW1⁄4,28,Lincoln
131019,"SHELTON, JOHN H",5/19/1910,03431,OK,Indian,019N ­ 024W,SE1⁄4SW1⁄4,18,Ellis
51074,"SHERBOURNE, WILLIAM A",3/11/1909,07,OK,Indian,016N ­ 018W,S1⁄2NE1⁄4,21,Dewey
"",,,,,,016N ­ 018W,E1⁄2NW1⁄4,21,Dewey
OK1530__.186,"SHERIDAN, MATHEW",4/5/1905,2427,OK,Indian,012N ­ 002E,Lot/Trct 6,32,Lincoln
"",,,,,,012N ­ 002E,Lot/Trct 7,32,Lincoln
OK1770__.366,"SHERRILL, HARRY",6/30/1906,2527,OK,Indian,017N ­ 026W,Lot/Trct 3,3,Ellis
"",,,,,,017N ­ 026W,S1⁄2NW1⁄4,3,Ellis
"",,,,,,017N ­ 026W,NE1⁄4SW1⁄4,3,Ellis
54493,"SHIELDS, HARRY C",4/1/1909,0390,OK,Indian,017N ­ 022W,Lot/Trct 1,5,Ellis
"",,,,,,017N ­ 022W,Lot/Trct 2,5,Ellis
"",,,,,,017N ­ 022W,SE1⁄4NE1⁄4,5,Ellis
"",,,,,,018N ­ 022W,SW1⁄4SE1⁄4,32,Ellis
OK1770__.378,"SHIELDS, VIOLA M",6/30/1906,2541,OK,Indian,014N ­ 018W,S1⁄2SE1⁄4,28,Custer
MV­0704­094,"SHOEMAKER, ELIZABETH",12/26/1907,2712,OK,Indian,018N ­ 025W,SE1⁄4SE1⁄4,1,Ellis
OK1770__.365,"SHOEMAKER, MAGGIE",6/30/1906,2526,OK,Indian,018N ­ 025W,W1⁄2SE1⁄4,12,Ellis
"",,,,,,018N ­ 025W,E1⁄2SW1⁄4,12,Ellis
MV­0733­084,"SHREVE, FRANK A",2/17/1908,2725,OK,Indian,019N ­ 024W,SW1⁄4NE1⁄4,19,Ellis
OK1260__.192,"SHUMAKER, WILLIAM",3/30/1904,1069,OK,Indian,016N ­ 001E,S1⁄2SW1⁄4,29,Logan
"",,,,,,016N ­ 001E,N1⁄2NW1⁄4,32,Logan
OK1880__.277,"SIEMON, PETER",5/15/1907,2602,OK,Indian,019N ­ 024W,S1⁄2NW1⁄4,34,Ellis
"",,,,,,019N ­ 024W,N1⁄2SW1⁄4,34,Ellis
MV­0773­440,"SIEVERLING, FRED",5/18/1908,2797,OK,Indian,019N ­ 022W,E1⁄2SW1⁄4,27,Ellis
"",,,,,,019N ­ 022W,W1⁄2SE1⁄4,27,Ellis
OK1170__.139,"SILVY, JOHN H",9/24/1903,2365,OK,Indian,020N ­ 001E,E1⁄2NE1⁄4,35,Noble
MV­0735­479,"SIMS, JOHN P",2/17/1908,2761,OK,Indian,006N ­ 005E,NE1⁄4SE1⁄4,20,Pottawatomi
OK1690__.490,"SIMS, WINNIE M",5/23/1906,2489,OK,Indian,018N ­ 015W,SE1⁄4,12,Dewey
MV­0677­106,"SIPE, IRA W",10/26/1907,2665,OK,Indian,016N ­ 018W,E1⁄2SE1⁄4,19,Dewey
OK0860__.459,"SIPPES, JAMES W",5/2/1903,2341,OK,Indian,015N ­ 001E,E1⁄2SE1⁄4,3,Logan
97407,"SKELTON, JEREMIAH",12/20/1909,02729,OK,Indian,017N ­ 020W,W1⁄2NE1⁄4,21,Dewey
OK1770__.032,"SKINNER, JOHN R",6/8/1906,2488,OK,Indian,020N ­ 008E,E1⁄2SW1⁄4,10,Pawnee
OK1720__.340,"SLOAN, THOMAS",5/1/1906,2477,OK,Indian,009N ­ 002E,S1⁄2SE1⁄4,12,Pottawatomie
OK1170__.137,"SMELSER, SUSIE M",9/24/1903,2362,OK,Indian,019N ­ 002E,NE1⁄4,17,Payne
OK1550__.275,"SMITH, BARTON",6/30/1905,1328,OK,Indian,015N ­ 006E,SW1⁄4,9,Lincoln
OK1880__.291,"SMITH, BERT C",5/15/1907,2618,OK,Indian,016N ­ 020W,S1⁄2NW1⁄4,33,Dewey
"",,,,,,016N ­ 020W,NW1⁄4SW1⁄4,33,Dewey
22611,"SMITH, CARL C",10/15/1908,2826,OK,Indian,014N ­ 020W,Lot/Trct 4,3,Custer
"",,,,,,015N ­ 020W,S1⁄2SE1⁄4,33,Custer
"",,,,,,015N ­ 020W,SW1⁄4SW1⁄4,34,Custer
OK0610__.372,"SMITH, EDWIN W",10/10/1902,2299,OK,Indian,015N ­ 005E,E1⁄2SW1⁄4,27,Lincoln
OK1880__.297,"SMITH, HENRY B",5/15/1907,2624,OK,Indian,017N ­ 015W,E1⁄2SW1⁄4,35,Dewey
"",,,,,,017N ­ 015W,W1⁄2SE1⁄4,35,Dewey
MV­0750­299,"SMITH, JAMES G",3/23/1908,2791,OK,Indian,015N ­ 024W,SW1⁄4,25,Roger Mills
MV­0624­305,"SMITH, JAMES L",8/2/1907,2655,OK,Indian,016N ­ 015W,W1⁄2SE1⁄4,31,Dewey
OK0610__.370,"SMITH, JAMES M",10/10/1902,2296,OK,Indian,015N ­ 003E,S1⁄2NE1⁄4,24,Lincoln
OK1770__.367,"SMITH, JAMES T",6/30/1906,2528,OK,Indian,014N ­ 026W,SW1⁄4,11,Roger Mills
OK0810__.195,"SMITH, JOSEPH C",1/14/1903,2315,OK,Indian,023N ­ 001W,W1⁄2SW1⁄4,28,Noble
120130,"SMITH, OTTIS",3/21/1910,03211,OK,Indian,015N ­ 023W,E1⁄2NW1⁄4,30,Roger Mills
"",,,,,,015N ­ 023W,SW1⁄4NE1⁄4,30,Roger Mills
OK1540__.048,"SMITH, ROBERT A",5/12/1905,2441,OK,Indian,012N ­ 004E,E1⁄2NE1⁄4,7,Lincoln
OK1770__.362,"SMITH, THOMAS L",6/30/1906,2523,OK,Indian,017N ­ 018W,N1⁄2SW1⁄4,21,Dewey
OK1400__.401,"SMITH, WILLIAM F",11/13/1905,2465,OK,Indian,007N ­ 002E,SW1⁄4SE1⁄4,26,Pottawatomie
OK1770__.352,"SMITH, WILLIAM O",6/30/1906,2511,OK,Indian,015N ­ 024W,S1⁄2SE1⁄4,13,Roger Mills
97417,"SMITH, WILLIAM W",12/20/1909,03003,OK,Indian,018N ­ 026W,W1⁄2NW1⁄4,23,Ellis
OK1330__.470,"SNELL, ALBERT H",8/3/1904,1279,OK,Indian,015N ­ 004E,NW1⁄4,34,Lincoln
147848,"SNYDER, CECILIA",8/4/1910,02827,OK,Indian,014N ­ 026W,SW1⁄4,12,Roger Mills
118104,"SODDERS, ANDREW J",3/14/1910,03227,OK,Indian,014N ­ 023W,SE1⁄4SE1⁄4,10,Roger Mills
MV­0624­308,"SONTAG, JOHN",8/2/1907,2658,OK,Indian,018N ­ 012W,Lot/Trct 1,4,Blaine
OK1880__.173,"SOUTHARD, GEORGE LEE",4/16/1907,2581,OK,Indian,018N ­ 012W,NE1⁄4,9,Blaine
MV­0750­297,"SPAKE, WILLIAM M",3/23/1908,2789,OK,Indian,014N ­ 025W,SE1⁄4NE1⁄4,27,Roger Mills
OK1510__.015,"SPEERS, LEWIS O",3/14/1905,2420,OK,Indian,020N ­ 004E,Lot/Trct 1,1,Payne
"",,,,,,020N ­ 004E,SE1⁄4NE1⁄4,1,Payne
OK1510__.008,"SPENCER, JOHN W",3/14/1905,2413,OK,Indian,010N ­ 003E,W1⁄2SE1⁄4,31,Pottawatomie
OK1770__.345,"SPENCER, MAMIE F",6/30/1906,2503,OK,Indian,010N ­ 003E,SE1⁄4,33,Pottawatomie
OK1170__.147,"ST CLAIR, CHARLES H",9/24/1903,2373,OK,Indian,026N ­ 004E,Lot/Trct 2,9,"Kay, Osage"
"",,,,,,026N ­ 004E,Lot/Trct 1,10,"Kay, Osage"
"",,,,,,026N ­ 004E,Lot/Trct 2,10,"Kay, Osage"
OK1880__.143,"STALBIRD, JOHN L",4/16/1907,2551,OK,Indian,016N ­ 024W,Lot/Trct 7,6,"Ellis, Roger Mills"
"",,,,,,016N ­ 025W,E1⁄2SE1⁄4,1,Roger Mills
"",,,,,,016N ­ 025W,SE1⁄4NE1⁄4,1,Roger Mills
MV­0733­087,"STANTON, LEE M",2/17/1908,2728,OK,Indian,016N ­ 015W,N1⁄2SE1⁄4,29,Dewey
MV­0733­088,"STARKEY, ELDEN T",2/17/1908,2729,OK,Indian,015N ­ 021W,SW1⁄4NE1⁄4,11,
"",,,,,,015N ­ 021W,SE1⁄4NW1⁄4,11,
"",,,,,,015N ­ 021W,W1⁄2NW1⁄4,11,
MV­0733­103,"STARKEY, ORA E",2/17/1908,2746,OK,Indian,015N ­ 021W,S1⁄2SE1⁄4,9,
"",,,,,,015N ­ 021W,NW1⁄4SE1⁄4,9,
"",,,,,,015N ­ 021W,NE1⁄4SW1⁄4,9,
MV­0678­114,"STAUFFER, SAMUEL A",10/30/1907,2693,OK,Indian,014N ­ 025W,SW1⁄4,27,Roger Mills
OK0860__.456,"STEER, HARRY W",5/2/1903,2336,OK,Indian,016N ­ 004E,SW1⁄4,5,Lincoln
51950,"STEFFEY, JESSE M",3/15/1909,0178,OK,Indian,018N ­ 024W,NE1⁄4,17,Ellis
34789,"STEFFEY, JOHN J",12/14/1908,2852,OK,Indian,018N ­ 024W,NE1⁄4SE1⁄4,17,Ellis
OK1260__.487,"STEPHENS, JAMES C",6/8/1904,2396,OK,Indian,014N ­ 006E,Lot/Trct 1,1,Lincoln
"",,,,,,014N ­ 006E,Lot/Trct 2,1,Lincoln
"",,,,,,014N ­ 006E,Lot/Trct 3,1,Lincoln
"",,,,,,014N ­ 006E,SW1⁄4NW1⁄4,1,Lincoln
MV­0750­303,"STEPHENS, WILLIAM L",3/23/1908,2795,OK,Indian,019N ­ 019W,SE1⁄4,29,Dewey
MV­0677­107,"STEVENS, FRANK",10/26/1907,2666,OK,Indian,016N ­ 025W,NW1⁄4,33,Roger Mills
MV­0733­104,"STEVENS, GROVER C",2/17/1908,2747,OK,Indian,012N ­ 002E,SW1⁄4,8,Lincoln
136081,"STEWART, MONROE",6/13/1910,02972,OK,Indian,015N ­ 002E,S1⁄2NW1⁄4,28,Lincoln
147849,"STINE, HENRY C",8/4/1910,03075,OK,Indian,016N ­ 017W,W1⁄2SE1⁄4,35,Dewey
OK0610__.255,"STOCKWELL, JOSEPH W",7/3/1902,2285,OK,Indian,014N ­ 005E,S1⁄2NW1⁄4,13,Lincoln
124029,"STODDARD, WILLIE W",4/7/1910,03372,OK,Indian,020N ­ 019W,Lot/Trct 6,33,"Dewey, Woodward"
OK1200__.035,"STOLTENBURG, LAURA L",11/11/1903,2379,OK,Indian,020N ­ 001W,Lot/Trct 1,2,Noble
"",,,,,,020N ­ 001W,Lot/Trct 2,2,Noble
"",,,,,,020N ­ 001W,S1⁄2NE1⁄4,2,Noble
OK0610__.366,"STONEKING, JOHN D",10/10/1902,1216,OK,Indian,014N ­ 003E,NW1⁄4,17,Lincoln
MV­0733­082,"STOUGHTEN, THOMAS W",2/17/1908,2723,OK,Indian,014N ­ 019W,SE1⁄4NW1⁄4,9,Custer
130999,"STRATTON, SAFE G",5/19/1910,02341,OK,Indian,019N ­ 026W,SE1⁄4,5,Ellis
OK0810__.212,"STROUGH, WILLIAM H",1/14/1903,2332,OK,Indian,014N ­ 005E,SE1⁄4,5,Lincoln
OK0610__.256,"STURGEON, JAMES O",7/3/1902,2286,OK,Indian,016N ­ 002W,Lot/Trct 1,18,Logan
"",,,,,,016N ­ 002W,Lot/Trct 2,18,Logan
"",,,,,,016N ­ 002W,E1⁄2NW1⁄4,18,Logan
MV­0750­293,"SULLINS, HARRY S",3/23/1908,2782,OK,Indian,019N ­ 022W,NW1⁄4,8,Ellis
23439,"SUTTEN, ROBERT M",10/19/1908,1973,OK,Indian,018N ­ 021W,SE1⁄4NE1⁄4,14,Ellis
"",,,,,,018N ­ 021W,S1⁄2NW1⁄4,13,Ellis
"",,,,,,018N ­ 021W,SW1⁄4NE1⁄4,13,Ellis
MV­0677­112,"SWITZER, WILLIE A",10/26/1907,2671,OK,Indian,015N ­ 021W,NW1⁄4,17,
OK0610__.327,"TALLEY, JOSEPH H",9/2/1902,2306,OK,Indian,015N ­ 003E,NE1⁄4,32,Lincoln
OK1260__.486,"TANKSLEY, NETTIE L",6/8/1904,2395,OK,Indian,014N ­ 006E,SW1⁄4,23,Lincoln
OK1310__.486,"TANKSLEY, NETTIE L",7/2/1904,2395,OK,Indian,014N ­ 006E,SW1⁄4,23,Lincoln
OK1510__.012,"TAYLOR, BENJAMIN",3/14/1905,2417,OK,Indian,010N ­ 003E,W1⁄2NW1⁄4,35,Pottawatomie
OK1880__.184,"TAYLOR, JAMES B",4/16/1907,2595,OK,Indian,015N ­ 025W,SW1⁄4,10,Roger Mills
OK1880__.285,"TAYLOR, JOHN H",5/15/1907,2610,OK,Indian,015N ­ 025W,SE1⁄4,14,Roger Mills
118099,"TAYLOR, JOSEPH H H",3/14/1910,02733,OK,Indian,018N ­ 011W,SW1⁄4,32,Blaine
MV­0678­112,"TAYLOR, PINK",10/30/1907,2691,OK,Indian,015N ­ 025W,NE1⁄4,14,Roger Mills
OK1880__.160,"TAYLOR, SARAH E",4/16/1907,2571,OK,Indian,015N ­ 025W,W1⁄2NE1⁄4,15,Roger Mills
131010,"TAYLOR, THOMAS",5/19/1910,03181,OK,Indian,015N ­ 022W,SW1⁄4SW1⁄4,32,Roger Mills
147842,"TAYLOR, WALTER",8/4/1910,0487,OK,Indian,016N ­ 023W,Lot/Trct 5,6,Ellis
"",,,,,,016N ­ 023W,Lot/Trct 6,6,Ellis
"",,,,,,016N ­ 023W,Lot/Trct 7,6,Ellis
OK1330__.474,"TEA, GEORGE H",8/3/1904,2399,OK,Indian,015N ­ 002E,NW1⁄4,20,Lincoln
87428,"TETER, ADAM C",11/4/1909,0984,OK,Indian,019N ­ 026W,Lot/Trct 3,17,Ellis
"",,,,,,019N ­ 026W,Lot/Trct 4,17,Ellis
"",,,,,,019N ­ 026W,E1⁄2SW1⁄4,17,Ellis
"",,,,,,019N ­ 026W,NE1⁄4NW1⁄4,20,Ellis
OK0810__.202,"TETER, WILLIAM A",1/14/1903,2323,OK,Indian,027N ­ 002W,W1⁄2NW1⁄4,35,Kay
MV­0735­474,"THARP, JAMES F",2/17/1908,2756,OK,Indian,016N ­ 025W,NE1⁄4,20,Roger Mills
131008,"THAXSTON, ELMER G",5/19/1910,03065,OK,Indian,019N ­ 012W,SW1⁄4NW1⁄4,25,Blaine
OK,Indian,017N ­ 026W,SW1⁄4NW1⁄4,13,Ellis,,,,
"",,,,,,017N ­ 026W,S1⁄2NE1⁄4,14,Ellis
"",,,,,,017N ­ 026W,SE1⁄4NW1⁄4,14,Ellis
70515,"THOMAS, FRED L",7/6/1909,0563,OK,Indian,027N ­ 008W,NE1⁄4,19,Grant
OK1770__.346,"THOMPSON, BENJAMIN B",6/30/1906,2504,OK,Indian,014N ­ 025W,NW1⁄4,34,Roger Mills
118100,"THOMPSON, JESSE F",3/14/1910,02866,OK,Indian,019N ­ 023W,SW1⁄4,3,Ellis
MV­0677­115,"THOMPSON, WILLIAM",10/26/1907,2673.5,OK,Indian,011N ­ 006E,Lot/Trct 4,28,"Pottawatomie, Seminol"
"",,,,,,011N ­ 006E,Lot/Trct 5,28,"Pottawatomie, Seminol"
MV­0704­087,"THOMPSON, WILLIAM M",12/26/1907,2701,OK,Indian,012N ­ 001E,Lot/Trct 1,21,Oklahoma
87436,"THOMPSON, WILLIAM R",11/4/1909,01033,OK,Indian,007N ­ 004E,SE1⁄4SW1⁄4,17,Pottawatomie
OK1400__.394,"THORN, JOHN D",11/13/1905,2454,OK,Indian,026N ­ 007W,Lot/Trct 4,21,Grant
"",,,,,,026N ­ 007W,Lot/Trct 5,21,Grant
"",,,,,,026N ­ 007W,Lot/Trct 6,21,Grant
OK1400__.438,"THORN, JOHN D",11/13/1905,2454,OK,Indian,026N ­ 007W,Lot/Trct 4,21,Grant
"",,,,,,026N ­ 007W,Lot/Trct 5,21,Grant
"",,,,,,026N ­ 007W,Lot/Trct 6,21,Grant
MV­0735­487,"THORNTON, WILLIAM S",2/17/1908,2770,OK,Indian,014N ­ 026W,SW1⁄4,17,Roger Mills
OK1880__.171,"THRASHER, EDDIE C",4/16/1907,2579,OK,Indian,017N ­ 026W,NE1⁄4,21,Ellis
OK1510__.013,"THREET, COLUMBUS BENTON",3/14/1905,2418,OK,Indian,007N ­ 001W,SE1⁄4,31,"Cleveland, Mcclain"
51958,"THURMOND, JOHN P",3/15/1909,0269,OK,Indian,014N ­ 023W,Lot/Trct 1,2,Roger Mills
"",,,,,,014N ­ 023W,SE1⁄4NE1⁄4,2,Roger Mills
"",,,,,,014N ­ 023W,N1⁄2SE1⁄4,2,Roger Mills
27997,"TIBBETTS, MARGARET A",11/9/1908,2833,OK,Indian,017N ­ 017W,N1⁄2SW1⁄4,22,Dewey
"",,,,,,017N ­ 017W,S1⁄2NW1⁄4,22,Dewey
MV­0677­104,"TIFFIN, JAMES C",10/26/1907,2663,OK,Indian,008N ­ 004E,NE1⁄4NE1⁄4,23,Pottawatomie
MV­0678­109,"TIPPS, CHARLES H",10/30/1907,2688,OK,Indian,016N ­ 026W,W1⁄2SE1⁄4,20,Roger Mills
"",,,,,,016N ­ 026W,E1⁄2SW1⁄4,20,Roger Mills
1190,"TOMLINSON, CARL B",7/6/1908,2810,OK,Indian,019N ­ 021W,NE1⁄4SW1⁄4,26,Ellis
OK1880__.180,"TOUSEY, GEORGE C",4/16/1907,2589,OK,Indian,015N ­ 022W,W1⁄2SE1⁄4,12,Roger Mills
"",,,,,,015N ­ 022W,E1⁄2SW1⁄4,12,Roger Mills
55833,"TOWNSEND, JOHN H",4/14/1909,0367,OK,Indian,006N ­ 005E,SW1⁄4NW1⁄4,28,"Pottawatomie, Seminol"
"",,,,,,006N ­ 005E,W1⁄2SW1⁄4,28,"Pottawatomie, Seminol"
87432,"TROUT, MARGARITE MAY",11/4/1909,01001,OK,Indian,017N ­ 012W,N1⁄2NE1⁄4,12,Blaine
10759,"TROWBRIDGE, CALVIN W",9/1/1908,2821,OK,Indian,016N ­ 024W,SE1⁄4SW1⁄4,27,Roger Mills
"",,,,,,016N ­ 024W,E1⁄2NW1⁄4,34,Roger Mills
"",,,,,,016N ­ 024W,SW1⁄4NW1⁄4,34,Roger Mills
70532,"TROWBRIDGE, SUSAN",7/6/1909,0904,OK,Indian,019N ­ 019W,NE1⁄4SE1⁄4,4,Dewey
51957,"TSCHABRUN, JOHN B",3/15/1909,0257,OK,Indian,016N ­ 015W,Lot/Trct 3,6,Dewey
"",,,,,,016N ­ 015W,Lot/Trct 4,6,Dewey
"",,,,,,017N ­ 015W,SW1⁄4SE1⁄4,31,Dewey
"",,,,,,017N ­ 015W,SE1⁄4SW1⁄4,31,Dewey
OK1770__.372,"TUCKER, CHARLEY G",6/30/1906,2533,OK,Indian,020N ­ 003E,Lot/Trct 1,6,Payne
"",,,,,,020N ­ 003E,Lot/Trct 2,6,Payne
"",,,,,,020N ­ 003E,S1⁄2NE1⁄4,6,Payne
OK1880__.141,"TURNAGE, EDWARD",4/16/1907,2548,OK,Indian,017N ­ 019W,NE1⁄4SW1⁄4,10,Dewey
OK1880__.299,"TURNER, HATTIE A",5/15/1907,2626,OK,Indian,015N ­ 019W,W1⁄2SW1⁄4,23,Custer
"",,,,,,015N ­ 019W,SE1⁄4SW1⁄4,23,Custer
"",,,,,,015N ­ 019W,SW1⁄4SE1⁄4,23,Custer
70512,"UPTON, THOMAS B",7/6/1909,0525,OK,Indian,014N ­ 026W,Lot/Trct 1,3,Roger Mills
"",,014N ­ 026W,S1⁄2NE1⁄4,3,Roger Mills,,,,
"",,014N ­ 026W,NW1⁄4NE1⁄4,3,Roger Mills,,,,
MV­0735­490,"VAN BUREN, JAMES H",2/17/1908,2773,OK,Indian,016N ­ 023W,SW1⁄4,5,Ellis
OK1400__.400,"VERNON, JAMES F",11/13/1905,2464,OK,Indian,015N ­ 002E,E1⁄2SW1⁄4,2,Lincoln
MV­0770­402,"VINES, JOHN E",5/11/1908,2796,OK,Indian,014N ­ 023W,E1⁄2SW1⁄4,27,Roger Mills
"",,,,,,014N ­ 023W,SW1⁄4SE1⁄4,27,Roger Mills
MV­0733­096,"VOORHEES, ROBERT",2/17/1908,2738,OK,Indian,014N ­ 026W,NW1⁄4,8,Roger Mills
OK1880__.152,"VREDENBURG, GRACE M",4/16/1907,2561,OK,Indian,014N ­ 024W,S1⁄2SE1⁄4,3,Roger Mills
"",,,,,,014N ­ 024W,NE1⁄4NE1⁄4,10,Roger Mills
"",,,,,,014N ­ 024W,NW1⁄4NW1⁄4,11,Roger Mills
OK0860__.455,"WAGGONER, JOHN C",5/2/1903,2334,OK,Indian,023N ­ 005E,W1⁄2NW1⁄4,34,Pawnee
51949,"WALCHER, ZENAS L",3/15/1909,0115,OK,Indian,016N ­ 023W,E1⁄2SW1⁄4,3,Ellis
"",,,,,,016N ­ 023W,E1⁄2NW1⁄4,10,Ellis
34793,"WALCK, ADAM",12/14/1908,2856,OK,Indian,017N ­ 024W,SW1⁄4NW1⁄4,5,Ellis
"",,,,,,017N ­ 024W,W1⁄2SW1⁄4,5,Ellis
"",,,,,,017N ­ 024W,NW1⁄4NW1⁄4,8,Ellis
1192,"WALKER, HELLEN",7/6/1908,2812,OK,Indian,015N ­ 023W,Lot/Trct 6,6,Roger Mills
"",,,,,,015N ­ 023W,Lot/Trct 7,6,Roger Mills
"",,,,,,015N ­ 023W,E1⁄2SW1⁄4,6,Roger Mills
OK1490__.219,"WALKER, JOHN W",3/14/1905,2422,OK,Indian,021N ­ 008E,S1⁄2NE1⁄4,28,Pawnee
87425,"WALKER, MARTHA A,JONES, MARTHA A",11/4/1909,0892,OK,Indian,016N ­ 021W,S1⁄2SW1⁄4,23,Roger Mills
"",,,,,,016N ­ 021W,NW1⁄4SW1⁄4,23,Roger Mills
"",,,,,,016N ­ 021W,SW1⁄4NW1⁄4,23,Roger Mills
7167,"WALKER, SHERMAN",8/10/1908,2798,OK,Indian,015N ­ 024W,N1⁄2SW1⁄4,26,Roger Mills
87429,"WAMPLER, CHARLES A",11/4/1909,0996,OK,Indian,019N ­ 022W,SW1⁄4,9,Ellis
OK1170__.145,"WARD, WILLIAM",9/24/1903,2372,OK,Indian,016N ­ 002E,SE1⁄4,24,Lincoln
MV­0733­097,"WARE, JOHN T",2/17/1908,2739,OK,Indian,017N ­ 016W,Lot/Trct 3,5,Dewey
"",,,,,,017N ­ 016W,SE1⁄4NW1⁄4,5,Dewey
"",,,,,,018N ­ 016W,SW1⁄4SE1⁄4,32,Dewey
"",,,,,,018N ­ 016W,SE1⁄4SW1⁄4,32,Dewey
MV­0677­120,"WARNER, CARRIE L,NIPPERT, CARRIE L",10/26/1907,2678,OK,Indian,019N ­ 012W,SW1⁄4,20,Blaine
OK1690__.060,"WARREN, NANCY J",12/30/1905,2471,OK,Indian,020N ­ 008E,Lot/Trct 1,3,Pawnee
"",,,,,,020N ­ 008E,SE1⁄4NE1⁄4,3,Pawnee
51952,"WATKINS, ALVAH T",3/15/1909,0201,OK,Indian,018N ­ 025W,SW1⁄4SW1⁄4,8,Ellis
OK1400__.391,"WATROUS, MIRANDA",11/13/1905,2451,OK,Indian,021N ­ 008E,Lot/Trct 1,7,"Osage, Pawnee"
MV­0624­311,"WAYLAND, BENJAMIN F",8/2/1907,2661,OK,Indian,017N ­ 026W,SE1⁄4,20,Ellis
70523,"WEAVER, CHARLETTE M",7/6/1909,0632,OK,Indian,016N ­ 023W,S1⁄2NW1⁄4,29,Roger Mills
OK1270__.011,"WEAVER, SAMUEL M",3/8/1904,1260,OK,Indian,015N ­ 004E,NW1⁄4,8,Lincoln
OK1770__.356,"WEEKS, WALTER",6/30/1906,2517,OK,Indian,015N ­ 023W,W1⁄2NW1⁄4,21,Roger Mills
OK1170__.141,"WEHRMANN, FRED H",9/24/1903,2367,OK,Indian,026N ­ 001E,SW1⁄4,26,Kay
114123,"WEICHMAN, NANNIE,SHANE, NANNIE",2/28/1910,01976,OK,Indian,017N ­ 025W,S1⁄2SW1⁄4,12,Roger Mills
51953,"WELKER, FRANK E",3/15/1909,0213,OK,Indian,019N ­ 018W,SE1⁄4SE1⁄4,4,Dewey
OK1880__.281,"WELLMAN, GEORGE",5/15/1907,2606,OK,Indian,015N ­ 014W,Lot/Trct 10,4,Custer
OK1540__.046,"WELLS, JOHN HENRY",5/12/1905,2439,OK,Indian,012N ­ 002E,NE1⁄4SE1⁄4,25,Lincoln
131016,"WELLS, MELISSA",5/19/1910,03335,OK,Indian,015N ­ 026W,S1⁄2NW1⁄4,28,Roger Mills
OK1880__.163,"WEST, GEORGE W",4/16/1907,2574,OK,Indian,014N ­ 023W,SW1⁄4SW1⁄4,26,Roger Mills
"",,,,,,014N ­ 023W,SE1⁄4SE1⁄4,27,Roger Mills
54494,"WEST, MINNIE M",4/1/1909,0419,OK,Indian,019N ­ 021W,Lot/Trct 1,5,Ellis
"",,,,,,019N ­ 021W,Lot/Trct 2,5,Ellis
"",,,,,,019N ­ 021W,S1⁄2NE1⁄4,5,Ellis
OK1880__.140,"WHEELER, IDA L",4/16/1907,2547,OK,Indian,014N ­ 025W,SW1⁄4,35,Roger Mills
OK0610__.367,"WHITE, ALBERT H",10/10/1902,2289,OK,Indian,014N ­ 002E,"NW1⁄4, Lot/Trct 4",4,Lincoln
MV­0611­153,"WHITE, PAULINE",5/24/1907,2642,OK,Indian,014N ­ 022W,W1⁄2NE1⁄4,18,Roger Mills
"",,,,,,014N ­ 022W,W1⁄2SE1⁄4,18,Roger Mills
70518,"WHITE, SARAH E",7/6/1909,0594,OK,Indian,018N ­ 025W,SW1⁄4NE1⁄4,3,Ellis
MV­0735­472,"WHITNEY, LEM L",2/17/1908,2754,OK,Indian,016N ­ 025W,NE1⁄4,24,Roger Mills
27999,"WILCOX, AUGUSTUS",11/9/1908,2836,OK,Indian,017N ­ 025W,SE1⁄4NE1⁄4,11,Roger Mills
"",,,,,,017N ­ 025W,NE1⁄4SE1⁄4,11,Roger Mills
"",,,,,,017N ­ 025W,SW1⁄4NW1⁄4,12,Roger Mills
"",,,,,,017N ­ 025W,NW1⁄4SW1⁄4,12,Roger Mills
147854,"WILES, SARAH A",8/4/1910,03425,OK,Indian,019N ­ 023W,Lot/Trct 3,19,Ellis
"",,,,,,019N ­ 023W,Lot/Trct 4,19,Ellis
"",,,,,,019N ­ 023W,E1⁄2SW1⁄4,19,Ellis
MV­0713­278,"WILFELT, ABRAHAM",1/16/1908,2722,OK,Indian,010N ­ 003E,S1⁄2NE1⁄4SE1⁄4,36,Pottawatomi
OK1770__.336,"WILHOIT, ED F",6/30/1906,2493,OK,Indian,007N ­ 002E,SE1⁄4NW1⁄4,13,Pottawatomi
70516,"WILLIAMS, ALFRED E",7/6/1909,0564,OK,Indian,018N ­ 024W,NE1⁄4SE1⁄4,33,Ellis
"",,,,,,018N ­ 024W,SE1⁄4NE1⁄4,33,Ellis
"",,,,,,018N ­ 024W,N1⁄2SW1⁄4,34,Ellis
OK1660__.426,"WILLIAMS, GEORGE R",2/5/1906,2469,OK,Indian,024N ­ 005W,SW1⁄4,27,Garfield
104226,"WILLIAMS, JOSEPH W",1/17/1910,03267,OK,Indian,017N ­ 013W,Lot/Trct 10,1,Blaine
MV­0735­485,"WILLIAMS, LIZZIE,GARRIS, LIZZIE `",2/17/1908,2768,OK,Indian,019N ­ 012W,S1⁄2NW1⁄4,28,Blaine
OK1530__.192,"WILLIAMS, WALTER H A",4/5/1905,2434,OK,Indian,021N ­ 008E,E1⁄2NE1⁄4,30,Pawnee
131013,"WILSON, JAMES O",5/19/1910,03303,OK,Indian,016N ­ 026W,Lot/Trct 1,18,Roger Mills
"",,,,,,016N ­ 026W,NE1⁄4NE1⁄4,18,Roger Mills
MV­0733­093,"WILSON, NELLIE",2/17/1908,2734,OK,Indian,015N ­ 026W,NE1⁄4SE1⁄4,23,Roger Mills
"",,,,,,015N ­ 026W,W1⁄2SE1⁄4,23,Roger Mills
"",,,,,,015N ­ 026W,NW1⁄4NE1⁄4,26,Roger Mills
70525,"WITHREW, ROBERT L",7/6/1909,0662,OK,Indian,014N ­ 020W,SE1⁄4SW1⁄4,3,Custer
70517,"WOLFE, WILBER D",7/6/1909,0591,OK,Indian,014N ­ 019W,NW1⁄4NE1⁄4,13,Custer
MV­0611­158,"WOOD, HORATIO B",5/24/1907,2647,OK,Indian,015N ­ 025W,NW1⁄4,15,Roger Mills
OK1880__.276,"WOOD, SILAS",5/15/1907,2601,OK,Indian,014N ­ 025W,Lot/Trct 3,5,Roger Mills
"",,,,,,014N ­ 025W,Lot/Trct 4,5,Roger Mills
"",,,,,,014N ­ 025W,S1⁄2NW1⁄4,5,Roger Mills
118097,"WOODFIN, ALBERT H",3/14/1910,0142,OK,Indian,019N ­ 023W,SE1⁄4,13,Ellis
MV­0733­083,"WOODLIFF, LAVINIA C",2/17/1908,2724,OK,Indian,016N ­ 015W,S1⁄2SE1⁄4,8,Dewey
"",,,,,,016N ­ 015W,E1⁄2NE1⁄4,17,Dewey
MV­0744­097,"WOODS, FRED A",3/5/1908,2709,OK,Indian,018N ­ 022W,SE1⁄4NE1⁄4,19,Ellis
"",,,,,,018N ­ 022W,S1⁄2NW1⁄4,20,Ellis
"",,,,,,018N ­ 022W,NE1⁄4SW1⁄4,20,Ellis
10756,"WORK, LAURA B",9/1/1908,2817,OK,Indian,014N ­ 025W,SW1⁄4,33,Roger Mills
OK1720__.347,"WRIGHT, JENNIE",5/1/1906,2482,OK,Indian,009N ­ 003E,SW1⁄4SE1⁄4,23,Pottawatomi
"",,,,,,009N ­ 003E,SE1⁄4SW1⁄4,23,Pottawatomi
"",,,,,,009N ­ 003E,NW1⁄4NE1⁄4,26,Pottawatomi
"",,,,,,009N ­ 003E,NE1⁄4NW1⁄4,26,Pottawatomi
MV­0677­118,"WRIGHT, JOHN M",10/26/1907,2676,OK,Indian,017N ­ 007W,Lot/Trct 6,4,Kingfisher
"",,,,,,017N ­ 007W,Lot/Trct 7,4,Kingfisher
OK1770__.343,"YATES, WILFRED P",6/30/1906,2500,OK,Indian,028N ­ 007W,SW1⁄4,24,Grant
MV­0677­114,"YOUNGBLOOD, CLARENCE C",10/26/1907,2673,OK,Indian,018N ­ 025W,S1⁄2SE1⁄4,35,Roger Mills
"",,018N ­ 025W,NW1⁄4SE1⁄4,35,Roger Mills,,,,
"",,018N ­ 025W,SW1⁄4NE1⁄4,35,Roger Mills,,,,
